-21.467477           -1.202111         3963.473394          -17.390576           35.776087         5224.754661 9.212
20.795504           12.690929         4457.659542            3.203493           19.196239         5184.603109 9.212
-1.957622           -8.614880         4508.742563            1.573769          -26.514206         4574.855740 9.212
-24.468092           35.497342         4006.211890          -37.573184          -13.316860         4485.584303 9.212
4.850261          -25.417228         4588.559129           13.245115           -0.111175         4825.935091 9.212
18.033482           10.970493         3924.797593          -34.966587           11.850046         4556.699254 9.212
-29.660580            0.192243         3909.639807           15.941376          -31.375002         4953.190809 9.212
3.789713          -33.414432         4070.573760          -33.346016          -29.750063         4472.390911 9.212
-28.741360           -7.968629         4582.880176          -21.830573           -5.452363         4552.534355 9.212
-15.096287            0.494484         3970.070274           -4.734331          -36.373075         4927.599556 9.212
-27.135293           -3.191457         4259.377213           19.263056          -10.720910         4448.290298 9.212
-32.791392          -12.901718         4400.963135           15.855722           -1.717051         4871.444648 9.212
22.202948            9.968845         4196.060669           -2.026132           -6.460326         4365.453107 9.212
19.526825           26.379174         4139.865671           26.465011          -28.735484         5206.414722 9.212
9.045306            5.389924         4353.662933          -12.264042          -36.306438         4646.549103 9.212
-15.137038          -30.268708         4440.231767          -28.435958          -36.615747         4748.949325 9.212
11.565972           -5.389903         4148.900027           -4.789717            7.983672         4504.966187 9.212
-32.307348          -30.165323         4434.314993           11.389001           14.862138         4803.169849 9.212
-25.554646          -28.621822         4522.061238          -29.956857          -14.740394         4329.147544 9.212
37.156738           29.453087         4407.410839          -24.719845           -5.092559         4906.208132 9.212
-25.707457           14.370810         4236.775938          -10.027644           32.038010         4399.335967 9.212
39.587605            3.324077         4661.107557           -4.742818           24.378982         4866.730595 9.212
-24.672560           -4.346956         4368.103790            6.072822          -19.302286         4518.110183 9.212
-37.776392           -8.801792         4672.215136          -30.259022           12.123142         4416.803184 9.212
-7.134316           14.217169         4066.241821            8.816291          -21.086980         5061.517392 9.212
-1.664059           22.230269         4376.867794          -33.489388          -30.333561         5079.770259 9.212
-23.786566          -12.572701         4626.836884           38.464079          -13.235622         4723.378816 9.212
21.300398           18.846522         4405.344977            8.794891          -32.005832         4895.867032 9.212
-13.115348          -39.980040         4048.701905           36.869592           -6.128341         4504.082183 9.212
8.516406           18.397762         3828.190178          -26.732295          -39.054333         5100.398966 9.212
-3.071397           17.042696         4645.902957           -0.232139            2.390832         4858.133329 9.212
-17.591188           29.562108         4405.382172           36.313721          -38.107584         4825.961779 9.212
27.850165           20.267690         4096.620563          -15.923863           35.288919         4559.366610 9.212
-16.805207          -38.417453         4172.209174          -23.010295          -33.908768         4786.331883 9.212
-4.784896          -30.568255         4151.926290           -3.607449          -10.081398         4504.185504 9.212
34.867386           14.476245         3965.158745          -17.397605          -26.185168         5040.158352 9.212
18.108951          -17.773003         4041.547039           -8.044410          -10.461171         4402.011902 9.212
14.515755           17.653273         4250.301486          -30.527557          -27.895733         4933.890649 9.212
36.428164            7.856717         4417.262244            4.576806           14.465719         5205.664592 9.212
6.254814           36.243143         4601.557863           12.716692           13.677969         5006.931200 9.212
9.544184           36.545339         4109.798438           36.145976          -31.227069         4429.777285 9.212
4.265605            6.960447         3885.127087            0.186431           14.457698         5210.980939 9.212
11.061321           -8.979417         4218.250723            5.940343          -34.168793         4932.039533 9.212
-38.218799           32.287122         3826.897032           -0.347458          -24.694678         4484.912206 9.212
-4.979742          -24.721371         4202.851256           -6.583821           20.868890         4976.696767 9.212
35.127286           34.715702         3937.785092          -14.574052           -1.046681         4823.257314 9.212
-29.548379           11.616835         4345.570851            1.179898            9.973087         4344.977128 9.212
7.217205           13.576327         4379.987073          -18.783199           -9.455579         4402.441123 9.212
5.894221           11.020967         3841.579046          -25.252243           39.294437         4801.615856 9.212
30.717238           21.718821         4262.957985          -13.544519           -8.260604         4840.114718 9.212
-18.720719           18.936058         3846.017635          -39.019297           15.876186         4844.121612 9.212
9.822167           32.200968         4462.323468           -1.203553           25.896042         5224.973988 9.212
22.095857           26.988335         4453.215781           -9.905902          -37.055939         4328.679872 9.212
-7.905824            2.529009         3894.566250          -22.190276          -27.801895         4602.827834 9.212
26.588977          -23.628652         3859.660931          -30.568879            6.015197         5046.121272 9.212
27.748783          -15.473303         4672.389395          -19.312752           31.364477         4501.785684 9.212
-38.276388           13.818623         4425.457424          -24.510751            0.718251         4306.694367 9.212
22.467889          -13.132087         4511.191444           -1.477853            3.001528         5047.884322 9.212
4.387300           16.839615         4186.977005           26.019253           35.649095         4939.296403 9.212
30.828317           17.725258         4376.087921          -36.346183          -27.561814         4634.442347 9.212
-2.624981           -7.193343         4190.755752          -29.437492           -4.853503         5188.583841 9.212
37.480837           39.977823         4061.733125           36.369664           24.348599         4538.336875 9.212
13.923902           -0.281571         4036.268467          -39.463601           -4.421815         5174.802269 9.212
31.216451           -4.324383         4531.998739          -31.316332          -32.547869         4294.958788 9.212
2.637480          -35.589188         4295.933848           20.754748           25.244111         5136.561430 9.212
-34.615762          -17.507051         4589.309962          -28.247410           -1.388215         4326.286371 9.212
11.671000          -15.262440         4256.220243            5.160241           24.057056         5161.206707 9.212
8.422861          -28.138248         4039.170955           17.110491           13.679521         4320.416276 9.212
-34.308481          -34.496515         4390.485750           28.344163           24.842694         5030.487832 9.212
22.028552           14.791616         4469.339063          -34.375153           28.167558         5120.943245 9.212
-3.225633           31.025881         4217.339340           34.914837           13.195714         4497.825148 9.212
8.729851          -22.596570         3850.643330           21.388378          -12.361716         4820.891148 9.212
-7.858412           39.724273         4310.683751           24.184884           36.986844         4886.572533 9.212
2.609193           26.670368         4206.149506           -8.337258          -30.128806         4983.648521 9.212
13.151912           21.348856         4526.766432           -4.326768          -18.629104         5146.789473 9.212
-3.396887            4.398662         4253.361839           26.812296            9.792430         4907.669861 9.212
-30.302845           37.294260         4382.856896           33.363094          -17.915633         4622.523025 9.212
-20.944644          -15.978094         4202.015621           10.415666          -10.532266         4937.567058 9.212
-30.238657           39.448174         3865.353612           -0.597965          -33.499682         4949.815563 9.212
25.370788          -12.082062         4475.134171           32.327963           -8.311231         4612.336476 9.212
-0.846312           13.877925         4137.376664           20.185297            7.024002         4527.883952 9.212
-14.207118           36.013897         4550.853963           26.590459          -27.232905         4586.881332 9.212
38.787496          -37.441947         4021.366877           28.848620          -11.229825         4365.607876 9.212
36.810539           14.545343         4264.288066           -0.847366           37.118184         5062.217419 9.212
-3.820322          -22.611663         4212.454889          -13.408748          -35.268016         5092.748760 9.212
-0.796364          -19.481679         4292.476194          -14.590220           31.438115         4603.327068 9.212
-17.063833          -28.598796         4599.040995          -21.862592          -13.773714         5195.548706 9.212
-8.708097           23.092871         3988.482548          -15.329850           29.713277         4369.317652 9.212
-11.657340            4.459415         4663.504565           30.628970          -31.211004         4465.775239 9.212
-23.934367           17.357882         4372.243389          -10.951657          -33.690983         4931.163535 9.212
30.959150          -10.652006         4477.490966          -20.364604           13.440730         4982.136059 9.212
-38.407691           14.108411         4252.417382          -14.836506            9.803309         4779.978797 9.212
-0.429037           19.889191         4022.909930           39.009557          -15.474229         4683.327691 9.212
-1.274161          -26.828350         3863.492672           -5.795114          -21.841725         5122.251383 9.212
2.498459           -1.865331         4151.624177          -38.093162          -13.621236         4360.317114 9.212
30.889978           18.885607         4212.176383           -0.215800           -8.305256         5108.608350 9.212
34.932413          -20.352831         4163.233617           27.406002           26.096026         4378.471715 9.212
-36.631030           16.089318         4244.334776          -34.124039           22.411048         4882.704186 9.212
-39.445978           27.438690         4420.465945           22.140822          -24.580594         5168.497103 9.212
-26.838214           39.224516         4030.770778          -24.791946           18.806771         5148.357968 9.212
-11.394591            0.721308         4383.594108          -38.498108           20.767719         5208.705543 9.212
38.484365          -10.729242         4307.734689          -16.875469           -6.798629         4976.954697 9.212
-1.735165           -5.012721         4542.577669           37.449812          -19.288438         4766.984348 9.212
4.007842           29.638235         3997.619601            4.065660          -19.556582         4635.428101 9.212
19.921462          -27.336747         3958.542002          -22.539134          -30.697781         4504.168703 9.212
3.438559          -14.558553         4288.528225           30.318250          -38.628463         4727.536211 9.212
-15.888109           10.968263         4565.963168           19.079233          -32.613359         5024.365076 9.212
37.735647           37.292754         4430.888791           11.543139          -21.561919         4817.986058 9.212
5.471308           27.557485         3973.992945          -14.969396           38.772102         4552.289713 9.212
-12.575561            8.514640         4215.949518            8.631832          -25.270184         4412.212213 9.212
-29.977118          -18.368403         3983.260240          -37.578042          -15.408651         5071.286756 9.212
30.550277           11.836099         4139.933124           31.538670           -7.360346         5105.453407 9.212
34.763090          -30.265653         4274.486235          -16.501477          -32.454366         4500.137391 9.212
-13.205861          -10.060465         3881.972829           11.375742           15.395771         4607.197672 9.212
-13.701146           16.778063         4282.927550          -32.112598           -0.758862         4573.190799 9.212
2.164511           -0.535209         4159.050409           28.339462           -2.897873         5112.613128 9.212
21.713374          -36.582523         4320.615855          -35.411887           36.746909         4529.395119 9.212
9.585385            2.290269         3869.450130            4.924116           36.828953         4748.511700 9.212
-27.781516           35.900013         3983.237735            4.319853           13.289623         4938.323420 9.212
14.068939           23.683619         4318.435764           28.081955          -31.450733         4452.484500 9.212
-36.939483           14.216820         3832.947095          -23.498593           10.913629         4899.763798 9.212
10.668831           36.969939         4395.931628           -8.294583           12.927764         4919.022029 9.212
35.763640           16.666081         3909.443102          -34.568538           -5.918948         5218.075847 9.212
-23.126293           -8.120776         3863.110845           19.886474           14.269656         4718.476954 9.212
13.020814           29.432872         3849.566942           34.861326           27.754438         5180.991805 9.212
-17.628528          -21.116352         4209.884199          -15.581681          -11.837201         4894.741357 9.212
-29.964874           -3.776803         4379.253030           16.960018            9.594469         4300.653288 9.212
22.307491           13.427296         3927.717705           -7.695282          -19.176764         5151.214934 9.212
10.256068            6.267077         4242.632456           33.204871           16.322028         4300.449965 9.212
9.143299          -19.642348         4445.849052           11.305467           -2.903253         4872.698595 9.212
-23.778088            1.896895         4019.636171           -3.961760           29.938811         5043.248557 9.212
4.227053           28.111629         4317.492464          -19.049226          -23.378475         4395.192353 9.212
-25.738074          -30.660829         4299.520868           13.291883           39.917973         4762.914716 9.212
24.518213           -5.606644         4354.306371          -14.841364           31.186235         4340.004266 9.212
36.708853           32.644183         4209.774201           10.459450            5.327559         4773.460685 9.212
9.392056           -6.901907         4145.471577           14.703698          -24.152923         4940.853349 9.212
25.582959           20.126541         4467.241256           16.247785          -10.856458         5057.408996 9.212
24.067340          -21.186062         4274.283653            9.339855          -18.324574         4321.331034 9.212
28.273120            9.680697         4044.981334          -24.693087          -39.007173         5133.597225 9.212
-32.588721          -38.339966         3944.090271           29.815037           16.707179         5088.068835 9.212
21.879500           29.806183         3850.570145            0.368851          -33.470226         5018.504692 9.212
32.183907            3.832396         4575.995654           29.794186           -3.302222         5111.029686 9.212
-16.354418          -36.731708         4327.502905            5.115337           22.090406         4328.189013 9.212
15.052077           -0.426877         4064.933427           24.537306            0.572749         4653.638824 9.212
-8.494775          -29.170144         4183.258078          -36.859861          -32.704304         4706.818738 9.212
-31.977504          -31.766031         4514.924694          -13.922767           36.959934         5195.218054 9.212
9.240003           38.524695         4108.629751           28.637291            1.833739         4566.896136 9.212
-22.807304           14.914665         3993.988223           -3.463665            5.677664         5032.610502 9.212
24.209741          -33.308327         3977.778871           -8.200164          -26.971285         4539.672009 9.212
34.619063           25.711450         4021.228041            6.407550           29.143401         4881.357215 9.212
-15.257885           13.504834         4365.917063          -25.479308           -2.463960         4731.560949 9.212
38.950613          -14.091160         4313.628169            2.228361           24.738525         4961.224103 9.212
4.037233          -39.256137         4470.625121           23.277454          -34.405615         4851.076636 9.212
-11.425736           -1.413049         4410.687497           37.087047            1.315328         5020.398001 9.212
37.643370           -0.971636         4671.860225            8.094081           22.800337         4683.461622 9.212
-24.460197          -22.953464         4657.432007          -30.329781           10.420827         4365.180415 9.212
-10.597351          -38.317317         4136.670448          -12.791938           17.742908         4288.868841 9.212
-29.040428          -35.805842         4323.745724           18.688371           29.090812         4400.103593 9.212
-3.622461          -34.273674         4030.408405           -2.203944           29.777278         4660.912238 9.212
38.629430          -14.420149         4243.899647           19.337691           15.582693         4573.358182 9.212
-32.553479           34.762533         3870.447643           19.692428          -15.722006         5038.993519 9.212
37.047740           19.935153         3910.041201           17.623721          -23.139701         4984.524777 9.212
-33.410812           18.153660         4258.561478          -33.016561           12.001638         4977.640835 9.212
-32.550203           12.420568         4461.909986           28.901355          -37.224044         4780.987352 9.212
17.483337           28.073466         4238.998646           28.791660          -33.216446         5186.541955 9.212
1.907096          -10.236890         4433.833291           -7.342086           10.926854         5052.940542 9.212
-3.000537           10.143616         4333.341690          -32.201050          -17.891757         4610.754792 9.212
33.614436           31.158800         4072.399645           -9.677959           31.780362         4433.987575 9.212
-7.443619           38.120286         4201.275832            0.767129          -10.053782         4707.141442 9.212
37.151016           33.387919         3920.623641          -20.634823           15.630264         4624.603000 9.212
36.504673           -2.999205         4379.060699           33.479374          -34.856696         4329.052963 9.212
19.565120          -34.297509         4044.647243           -5.559722          -16.605364         4712.264158 9.212
12.109596           37.907834         4193.087622          -16.823000            3.401773         4441.800234 9.212
-14.601828           18.515698         4182.376641           35.043700           17.703485         4452.412238 9.212
-3.802874           23.329502         3844.585037          -19.399111           21.188652         5203.478162 9.212
-36.869074           -7.167703         4107.672158           -9.229481           15.826023         4494.092054 9.212
-25.321825           -1.006239         4199.826736            1.288335          -31.233314         5164.201723 9.212
39.249257          -22.999612         4344.019796           35.647658          -18.948514         4552.766500 9.212
25.187607          -33.119347         4006.942322          -18.440810           -3.264432         5127.355344 9.212
-31.424123           28.144999         4494.929303           26.263181          -23.554364         5085.005889 9.212
-10.724926           33.629100         4407.317659           11.969818           -0.069688         4408.622449 9.212
3.057342           37.852210         4357.144287          -11.924851           25.154139         4472.124678 9.212
-38.016288          -16.247712         4647.146471          -30.912867           -4.672827         4910.884787 9.212
-1.011046          -30.957700         4397.453310           -3.036706           39.183822         4580.425328 9.212
19.217815          -33.944493         4405.767050           -9.718077           -0.670115         4296.782139 9.212
15.497077          -25.657445         4086.798771          -39.675375          -30.699255         5037.316857 9.212
17.558465           25.956051         4124.082864           19.085100            1.022951         4362.070096 9.212
-4.647445           -4.217084         4512.611648          -12.807557            7.969267         4276.041835 9.212
32.286353           10.339891         4180.031342          -17.978110           -6.106522         4524.492840 9.212
3.490619           14.901518         4594.277734           22.047876          -22.844518         4809.579991 9.212
2.770569           18.395211         3984.624273           13.258875           19.822859         4277.827216 9.212
19.231949            4.437830         4217.751209           27.864777          -34.994032         4840.145483 9.212
-19.223229          -18.247962         4201.544627           22.435610           39.810256         4378.696373 9.212
-10.873270           -4.272958         4462.500055           35.899806           33.938914         4686.637836 9.212
31.274717           28.171002         4336.396720          -11.916642          -22.243074         4734.755912 9.212
-1.689122          -31.010525         3977.322088           22.125204           21.982161         4299.830280 9.212
-24.043585          -24.878943         4110.824434            1.484575          -35.079901         4821.629004 9.212
2.798687            5.607399         4005.767085          -30.322141          -28.733805         4608.370571 9.212
34.223331          -26.812280         3889.817276           -1.329060           30.250318         4700.845683 9.212
-21.379444           22.377978         4280.463970          -12.345155           23.257735         4567.960061 9.212
8.443507          -12.973935         4412.833573          -25.652927          -15.011159         5190.108617 9.212
38.127379          -29.443106         3969.587501           20.730434           21.307394         4607.571482 9.212
23.821245           22.147124         4577.587184          -13.712837          -14.134024         4405.156106 9.212
-34.584650            5.195462         4525.139528            6.783263          -38.542162         4323.990967 9.212
-27.401740          -31.993024         4388.817735           -1.608404           31.781486         4281.641440 9.212
1.401983          -37.808244         4185.076178           22.337768          -26.828335         4290.885420 9.212
-27.727647          -34.639137         4378.282183          -22.528993           -7.921116         4331.127065 9.212
6.150158          -34.014285         3999.108928           -6.735039          -33.496944         5150.445854 9.212
37.932097          -16.256221         3934.928493           -5.002167            2.276052         4851.605889 9.212
25.773091          -32.124288         3983.185718           37.526161          -20.511681         4878.687933 9.212
-28.923055           23.835077         4161.449097           13.118142            3.686193         5223.269998 9.212
20.027153            1.554634         4522.202891          -10.234438            7.685943         4317.700049 9.212
-32.401869           -0.652732         4310.264366          -16.319011           34.666366         4611.684708 9.212
25.761538           -8.394494         4648.704860          -30.404514            3.717064         4576.416118 9.212
-31.323984            1.153044         4477.471532            2.751169          -26.102181         4502.254429 9.212
27.645845           27.681379         4312.855217           35.114459           19.605600         4727.029540 9.212
-36.352327           21.622313         3966.958035           27.892624           38.625425         4600.087936 9.212
-23.366260          -32.169054         4449.434954           14.618861           -2.783135         4497.221349 9.212
17.456282            7.244668         4418.729009           -7.805166            1.086416         5200.374554 9.212
17.252491          -11.223945         3906.276599          -30.677355           17.482054         4767.818390 9.212
13.857174          -15.729887         4201.032123            1.348320          -38.306198         4335.918043 9.212
-1.108387           35.566021         4660.910409           -2.242910           -0.510867         5063.082966 9.212
-20.165849           35.780163         4553.961070          -29.675982           35.293874         4946.453444 9.212
-33.931032           -5.559210         3901.981582           -2.533314          -31.216062         4761.573734 9.212
-0.006210           31.270906         3988.140092          -20.573331           23.714137         5029.302740 9.212
-4.705897            5.136225         4353.335128           12.511632          -11.066582         5103.008788 9.212
12.523903          -18.412738         4645.986588          -13.193822           22.580862         4752.223822 9.212
-17.147364          -18.420673         3998.994761           22.388842          -34.446512         4328.402397 9.212
-28.666081           27.490311         4490.485244           37.915723           22.142047         4435.324297 9.212
-38.386398          -26.259585         3827.454091          -12.866506           25.518268         4930.296726 9.212
14.722885          -23.136808         4433.504682           31.710062           33.357912         4739.373914 9.212
-32.068236            5.087629         4349.527635          -29.546491           15.662318         4632.354879 9.212
4.454873           14.138891         4022.889162           -8.323019           14.235205         4535.126196 9.212
23.276473            6.752882         4354.107784          -36.892150           -6.469906         4826.847398 9.212
33.448237          -32.798567         3918.911298          -26.426412           35.729649         5116.387318 9.212
-14.631965          -23.272220         3837.840450           36.269435           28.068812         4531.366266 9.212
33.032903           -7.850156         4011.818491            4.500048          -34.801002         5210.109014 9.212
3.697990          -31.304013         4352.125411          -20.990252           -8.002194         4709.303871 9.212
-25.822402          -37.450961         3849.583027          -14.954903           39.612598         4873.136049 9.212
35.403605           12.826472         3879.179080            3.765830          -36.440006         4622.444448 9.212
1.619194          -28.691443         4292.992991            8.534781            8.436113         4898.356453 9.212
32.145198            6.793438         4525.384335          -34.003434           27.198332         4581.155504 9.212
2.916625          -31.854424         4335.201436           36.709919          -20.113494         4609.938989 9.212
-32.883169           28.015059         4335.360249           27.169980           29.206834         5162.769437 9.212
-8.260419           36.233900         3985.396167          -24.006293           -1.492276         4604.306788 9.212
-39.466716          -12.610739         3996.305165           17.698979            9.312448         4432.520798 9.212
18.836359           -3.600554         4372.598704          -39.209686           -7.565917         5091.580427 9.212
-13.329989          -28.082296         4249.751016           30.912319           11.099046         4653.037625 9.212
22.537651           -4.728261         4019.827141           33.266130            3.430404         5036.489369 9.212
-34.456545          -22.749578         4136.112371          -16.966599           33.369696         4999.167584 9.212
-28.075914          -35.790664         4362.916958            4.595771          -35.044019         4781.493314 9.212
-2.069060            5.961972         4067.429265           31.755922           13.805101         5185.746623 9.212
5.939072          -32.581461         4649.455054           38.133569          -11.737672         4786.940342 9.212
14.951779          -13.029360         4026.603317           -3.567380          -32.975518         4530.085149 9.212
26.418278          -10.473339         4035.761757          -18.461644          -27.421515         5136.576650 9.212
30.905678          -20.999350         4569.427845           10.839529          -21.005010         4660.681584 9.212
13.554844          -30.251126         3966.770405          -38.878138           22.404121         4625.221413 9.212
17.267318           29.974937         3919.499502           11.953294           28.126895         4348.952623 9.212
9.154038            7.527541         4609.911578          -28.094274          -35.601417         4332.903547 9.212
-7.895553          -22.464328         4026.025817           24.264513           39.085838         4446.656789 9.212
-26.404290          -15.641103         4168.748242           -0.706237          -11.799553         4797.989179 9.212
27.210082          -18.553204         4365.121431          -16.061239          -38.367192         4500.661790 9.212
29.977769           31.598888         4454.944152           37.939760          -16.516919         4502.168725 9.212
-32.984259           33.905344         4186.448917           17.201687           18.981580         4381.508143 9.212
25.316213            5.495867         4101.020472            3.403358          -33.861288         5220.812510 9.212
-22.778423          -35.280007         4615.566191           22.981858           17.186967         4295.231206 9.212
-38.027829            7.098771         4387.764095          -15.281851          -36.405961         4639.395517 9.212
25.026250            1.444301         4625.455846          -18.733405            1.076095         4948.854391 9.212
2.908455          -16.501222         4250.198416          -38.006351          -23.083665         5040.050211 9.212
-22.677353            7.721613         4164.222723            7.376029           27.435992         4839.138850 9.212
28.947307            1.630326         4602.869250           12.840228           21.502024         4281.051697 9.212
-9.851788           15.651507         4038.224335           17.620309          -20.939449         4805.502513 9.212
8.109146            4.516151         4521.495280          -37.050422           -6.964528         4696.808437 9.212
5.341689           -6.617616         4064.093605           36.096927           -6.168261         4785.837955 9.212
30.821982           -6.089343         4648.138414           24.668859           39.647978         4609.831536 9.212
39.113933           13.796753         3961.411914          -22.537653           19.333943         5099.828772 9.212
22.481466            1.273682         4484.691466            7.028360           33.923279         4429.173367 9.212
29.558230           22.364963         4054.254441          -25.965107           34.922226         4446.694238 9.212
-1.653495           39.580504         4266.535124           20.889838           14.164694         5211.824671 9.212
28.835802          -30.419600         4151.354944          -34.379756          -39.541258         4603.022735 9.212
25.889166           14.493045         4532.817490           16.835684            8.681561         5157.119876 9.212
6.626824           16.486496         4418.794516          -18.952127           -5.587881         4506.255143 9.212
24.724608          -26.210622         4222.300908           10.307908          -24.214191         4410.699928 9.212
1.663414           -5.603618         3931.356180           -3.364159           -5.588185         5078.214622 9.212
-29.782124           -4.056622         4610.628442           -1.515345           16.561673         5212.555942 9.212
12.077495          -26.442119         4425.283763           14.836564          -27.646318         4531.011141 9.212
-29.653720            6.873680         4458.501473          -31.113894          -20.159720         5161.677348 9.212
10.289560          -22.656061         3964.471934            8.964631           18.326865         4291.176430 9.212
-0.338998           17.315071         3826.216200          -10.456418          -18.782360         4628.590018 9.212
11.645975          -10.727241         4184.689820           11.297225          -38.257614         5096.865425 9.212
5.107527          -29.569474         4295.064336           25.754914            1.000048         4555.270008 9.212
-18.682078           -3.194091         4504.201342           -4.537885          -37.141094         4538.601391 9.212
-9.464342           26.854901         3875.620003          -37.809213          -17.795471         4819.098959 9.212
-34.501292          -27.559993         4124.098552           20.042120           35.027498         4824.196584 9.212
3.656413          -19.112069         4159.893763           21.391179           25.807066         4994.820144 9.212
-2.786190           21.513705         4666.402279           19.090129           31.524069         4668.177112 9.212
-28.976945           30.175054         4017.901613          -26.069164           -3.689187         4881.423654 9.212
19.877359            8.133478         4162.192836           15.528661           -8.845927         4458.909550 9.212
11.079968           29.956556         4503.427011           -9.183945          -35.109148         4370.668316 9.212
-9.599842            3.828395         4391.500018           15.236017          -18.378896         4542.442298 9.212
-5.512793          -11.576702         3857.030831           38.051716            9.670871         4478.227083 9.212
26.363892          -23.529187         4166.396413           14.754118            8.014655         4896.281187 9.212
-29.945229           35.347255         4167.784675           13.785275          -39.999143         4526.127748 9.212
-7.772082           -8.980636         4065.031128           20.282930           11.398560         5080.479995 9.212
10.914471          -26.370629         4413.466324           -5.389052          -22.603091         4366.777864 9.212
-11.968219          -29.687960         4355.742437          -38.780008           17.328235         4668.118821 9.212
23.958974          -22.930465         4145.696394            3.188900          -24.730610         5164.237453 9.212
22.950468           -0.997045         3839.708746            2.159462           34.768288         5096.751267 9.212
-19.295560          -14.708581         3967.111087           10.067458          -33.772548         4724.067071 9.212
1.586231            2.128949         3858.412455           -0.930826           20.538101         5060.844607 9.212
27.962994            3.665644         4046.182676           28.592693          -39.783514         4835.452007 9.212
-16.905516          -11.172632         4514.203295          -37.079214           16.338770         4742.828168 9.212
35.301065           34.226089         4293.805218           16.209051            1.872796         4870.366738 9.212
32.575124           33.734209         4406.836738           -3.666199           -5.745253         5072.775722 9.212
-6.315860           34.603906         4481.399757          -23.199347          -10.524409         5069.133082 9.212
3.208033           -2.057142         4428.608383           11.554513           36.024354         4798.607789 9.212
-12.858445           -3.624632         4168.106983           37.918860           24.674128         4478.435951 9.212
25.260839            2.609452         4198.426489          -13.167134          -25.723238         5041.824251 9.212
9.710844           -3.541966         4051.129812           21.748540           39.798646         5111.164446 9.212
34.628520           20.087749         4075.317785          -29.493731           39.447826         5215.047881 9.212
39.131895          -12.143972         4471.416792            5.434893           25.847562         4891.947885 9.212
-31.074463          -17.955927         4206.070074          -28.843406          -31.922604         5169.803526 9.212
21.619609          -12.756357         4423.005325          -14.002931          -29.051132         4603.370498 9.212
16.375054           -8.638252         4535.116197           31.154993           -4.546761         4289.952517 9.212
-26.074402            9.373234         4444.692161          -39.765507          -28.455331         4992.804265 9.212
16.742832          -26.207388         4277.741579            2.674293           10.190936         5197.949984 9.212
-1.621890          -24.782324         4117.097438           32.830347           11.701045         5108.781945 9.212
-9.784077           39.469977         4629.151353          -32.126982          -35.699155         5149.891512 9.212
-20.168072           -6.360234         3946.134823           21.767041            5.799164         4440.409963 9.212
-26.222292          -12.153583         4054.947773           30.893693          -35.610720         4331.100676 9.212
14.537518           30.339050         4424.859967          -16.201155            9.036761         5055.732739 9.212
-8.029469           38.810432         4478.863522          -30.936326           38.344005         4666.266693 9.212
-22.932246          -24.965742         4658.909777           23.079349            2.475742         4430.657864 9.212
-13.782324           22.810944         4366.031538           29.435754          -13.200634         4611.148894 9.212
-28.496817          -32.591355         3866.774936           -6.577261          -39.784900         4795.809470 9.212
20.021543           28.484070         4481.637863          -11.284302            5.061227         4276.454131 9.212
27.890223            5.298621         3988.760447           39.166626          -19.282921         4483.013714 9.212
-0.793811          -28.368676         4127.472458           31.280437          -23.511885         5186.796410 9.212
-3.873818          -28.501167         4639.238572          -34.995986          -25.968196         4755.797740 9.212
-31.852410           36.221814         4561.713282            6.514375          -28.900252         4643.884531 9.212
-36.355610           33.746646         4406.123030          -14.071969          -33.362803         4909.003420 9.212
-11.394975           30.074399         4360.068269           -4.888079           -5.073789         5132.146874 9.212
-30.213710            7.315915         4391.986035           34.577754            7.311723         4910.974850 9.212
-34.848639           12.846615         3870.447728          -22.554555           -0.643348         5006.966968 9.212
-13.986930           34.603341         4148.105339           22.246887          -28.380302         4646.346647 9.212
39.383127          -13.962524         4313.672165           26.144301            6.985800         4651.124401 9.212
-18.005007           26.143008         4037.399900           28.566534          -13.255975         4634.842376 9.212
0.000707           17.316131         4509.887978           24.268191          -29.628113         4887.599125 9.212
-12.838352            4.277539         4312.769318           39.366643          -13.593034         4457.450139 9.212
-33.574537           12.306975         4235.309398          -27.604012          -27.121431         5147.495416 9.212
7.888200           34.177195         4544.160453           32.875510           -1.402210         4777.443451 9.212
-10.129729           20.346061         4664.434291           34.790439          -33.301723         4394.399269 9.212
-23.352579          -32.479711         4191.683384           10.904573           34.477572         4804.398094 9.212
32.533215           35.034074         4189.739287          -12.392298           31.002774         4412.662812 9.212
-26.986554          -17.405045         4426.111281           14.903040           -0.395346         4665.712231 9.212
5.820937          -20.770095         4310.526364           16.775029           31.966784         5212.729407 9.212
27.515416            4.834957         4251.700856          -19.062906           11.520782         5176.348978 9.212
19.330875           12.945842         4036.478101           32.265638            7.433183         4923.562765 9.212
-12.943995           24.670384         4160.297849           32.761251           28.942447         4970.741143 9.212
10.456413          -32.884149         4168.743207           37.767499            4.754347         4520.245884 9.212
-26.081318          -35.727046         4147.459719          -21.321109           -2.473054         5208.528039 9.212
35.519807           10.826493         4658.310154            5.589784          -37.125109         4360.783380 9.212
8.091246          -12.421933         3942.137896          -37.912437           33.889448         4673.516444 9.212
-32.063908          -27.700389         4515.076223           35.884627          -21.831022         4356.528519 9.212
31.435909          -20.051584         4422.888810           18.948176            5.524119         4633.035081 9.212
-6.919535          -29.807756         4318.437717          -16.387799           30.063715         4936.465201 9.212
3.231686          -39.050003         4282.403188           12.187575          -11.564091         4580.136428 9.212
-19.073243          -20.051769         3921.523107           37.031879          -12.115488         4356.405907 9.212
19.838655          -34.130081         4488.306524          -36.359733           25.921128         4890.433210 9.212
17.399046           -8.789371         3958.066660           35.250272           26.274212         4660.798840 9.212
32.643033          -28.618741         4263.071578           -1.262468          -12.128443         4678.153984 9.212
13.687599           24.782667         4148.921332          -37.827820          -14.445657         4573.428547 9.212
20.747001          -29.692339         4537.456613           35.621022          -14.746757         4602.801121 9.212
33.480917           27.837820         4183.972344            5.330330          -16.665765         4474.538129 9.212
-36.237858           13.000362         4241.038334           -8.852061           32.671951         4929.873278 9.212
23.376901           25.398498         4290.498147          -25.264608           -3.579339         4568.205461 9.212
-14.413089           21.702065         4213.180931          -22.980477          -24.612316         5073.564962 9.212
-18.888969          -25.784040         4036.955205           -1.653592          -12.273026         4399.720074 9.212
-1.853168           32.895212         4272.905537           24.820570          -24.216605         4489.514277 9.212
-12.628489           32.561172         4026.296403            7.908064            0.785379         5120.160263 9.212
-37.086145          -23.438451         4477.105249          -16.393123           13.399087         4710.954513 9.212
-4.434582           36.740325         4230.795165           22.916036           20.555081         5116.454478 9.212
-33.566769          -34.996020         4356.988550          -18.896613           -1.200699         5151.478798 9.212
-6.338908          -14.606491         4173.524222          -20.197346           -0.953426         4491.330730 9.212
8.343608          -11.225957         4053.348991           -6.585580          -17.105694         4302.783301 9.212
35.272305           29.327688         4586.870236          -13.309067          -27.153205         4380.211645 9.212
25.674495           28.279617         4142.497440           26.963424          -31.371217         4298.306527 9.212
10.062834           -3.090993         4142.924650          -24.471092          -39.440953         4608.029259 9.212
-16.566754          -16.397691         3930.373731           39.650214          -27.232348         5023.045459 9.212
33.241284          -33.163332         4441.628086          -26.884451            7.592630         4439.995365 9.212
8.150334           29.780982         4505.291992            5.501644           11.378776         4297.476456 9.212
-5.149041           33.735927         4044.035148            4.321497          -35.488535         5090.293126 9.212
21.829439          -25.571725         4079.849796          -21.463803          -22.479503         4674.073143 9.212
18.125553           23.960654         3827.419806           21.915239           26.006768         4357.561564 9.212
4.408026           21.818247         3929.881519          -34.772852          -16.189281         4472.327170 9.212
39.177031           26.556322         4399.280620           28.005713          -16.675393         4389.216048 9.212
-4.902677           21.004986         4067.648979           24.937322            4.319191         4658.229827 9.212
25.407237           20.170244         3874.558034          -30.261842           24.116810         4964.860695 9.212
32.206760           21.295417         4660.986202          -20.207698           38.243490         4909.418376 9.212
29.124249           28.778909         4165.631981           -5.387105           17.745250         4586.975834 9.212
-34.460150           23.110312         4014.249341          -37.103465           20.522890         4337.792603 9.212
13.874750          -21.433283         4396.483882          -32.214764          -39.473459         4425.581430 9.212
-35.618242          -26.407554         4023.211149           12.536541            4.702471         4725.121948 9.212
39.410399           23.558985         4390.767520          -13.393879           21.366968         4862.543434 9.212
-24.177682          -36.983074         3857.754275           24.312920            3.779663         4356.178723 9.212
8.768352           18.510300         4417.355858          -35.093882           -9.559139         4639.536204 9.212
-8.999593          -18.670721         3891.033951           14.295179            3.630772         5029.050853 9.212
10.429548          -24.447384         3875.633164           29.390917          -22.469864         5004.923141 9.212
-14.047905           12.467122         4018.755042           24.978319            4.573143         4993.882868 9.212
38.640590          -21.011460         4299.336437          -39.277095            5.816869         4623.295188 9.212
20.994587            8.391045         3929.258878          -15.517892          -28.766763         5066.116406 9.212
4.613437          -34.602004         4484.440516          -18.165153            9.538742         4605.430783 9.212
-1.242914           -9.611557         3988.797562           24.418208          -14.311442         4849.334493 9.212
11.815813            3.145055         4396.254964           -0.902317           26.699533         4410.304395 9.212
-13.523297          -32.316495         3915.384687          -14.084607          -29.165748         5112.743757 9.212
-11.891971          -37.114478         4209.101839           31.408607           36.525424         4396.598949 9.212
-10.909656          -11.990520         4048.148387           21.884995            6.693373         5085.746495 9.212
-33.397565          -25.786654         4094.924323           -8.322815           -2.333497         5178.752232 9.212
-7.901391           31.498993         4121.258043            2.829113           36.877475         4738.282111 9.212
-21.475540            2.961405         4125.708501            8.805896           12.605688         5135.437470 9.212
-27.892971           35.614081         4292.114797          -37.785776           27.617555         4431.537668 9.212
-4.632751           29.327278         4079.211198          -19.533790           33.084220         5087.678436 9.212
-11.176293          -10.581920         4118.642669          -16.615780          -14.475637         4449.453745 9.212
37.612252          -25.335389         4427.762035          -39.562396          -38.631832         4662.785813 9.212
21.210521           -1.074663         4310.151513           -7.159935          -38.034508         5133.195766 9.212
-37.545721          -36.674539         4409.626719           16.435006           18.512056         5071.827435 9.212
19.531133          -26.808628         3989.691656           24.700419           15.980577         4326.252106 9.212
-37.902121          -19.012951         4489.514480          -23.137338           31.755867         4642.911234 9.212
5.152320          -31.199671         4554.910275           23.884999          -14.161304         4282.465965 9.212
24.477965            2.530971         3890.587474           36.237951            6.769215         4674.088861 9.212
-10.052632           19.312095         4105.145894           11.758377          -36.853861         4987.961984 9.212
35.710429           12.175213         4065.550754           33.193859          -10.865446         4398.309763 9.212
25.271671           24.707696         4253.634783           36.029182          -19.393640         4579.365189 9.212
38.038601           22.638243         4052.230222           -7.414532           14.383561         4460.942494 9.212
30.575622          -37.851794         4455.660973           28.007224          -10.236492         4801.299347 9.212
-39.019388           35.965588         4350.679740           34.341773           33.161642         5062.832885 9.212
-37.400925          -39.908015         4455.396647          -19.131702           19.773070         5063.634432 9.212
-9.022882           33.182385         4197.055419           -7.921650           -8.092103         4445.190978 9.212
39.684604           -8.147078         4527.127394           24.399324           32.292230         4328.502140 9.212
21.899281          -32.995192         3963.006481          -20.035883          -15.419404         4601.981451 9.212
-9.063417            0.024850         4525.921343          -19.891168           14.316382         4473.199700 9.212
-11.302927           -8.174340         4076.723363           29.207733          -15.736049         5142.074555 9.212
-18.543600          -37.128587         3978.250097           -5.337579            8.237611         4804.494776 9.212
21.762630           27.548880         4628.692904           -2.708856          -35.272389         4718.342023 9.212
-24.402696           35.507917         3861.116532           38.680685          -11.230542         4721.929389 9.212
-1.227887           -0.979123         3857.224004           35.600096           -5.259303         4451.328316 9.212
-13.734305          -29.791906         4095.453608          -28.555501           27.692562         4979.528517 9.212
-0.349501           29.494038         4235.412188          -24.746139           31.577991         4962.156318 9.212
-8.233696          -32.033489         4144.648477          -10.826649           -7.188544         4543.780254 9.212
-20.371350           -6.170342         4283.734048          -18.826956           35.487834         4463.372218 9.212
-24.684002          -17.715031         4591.246796           36.003115          -28.579504         4431.067591 9.212
8.723094           20.655679         4628.177486          -22.777125           -8.237319         4312.638677 9.212
32.950511           -2.381273         4032.045950            7.593581           32.400364         4318.533865 9.212
-31.588026            1.203768         3839.310243            7.991838          -34.991532         4789.892756 9.212
-5.555791          -24.723160         4200.984603           -4.734962           20.549637         5085.119037 9.212
6.637126           11.625070         4139.246597           25.567047          -24.818966         4398.098745 9.212
36.427658          -19.605073         4469.932673           16.682520          -31.572176         4781.822886 9.212
-29.551267           -2.120866         4514.485767            3.266113           24.442157         4538.524124 9.212
-18.393082            9.284000         3936.629733          -29.637028            5.093013         4473.126618 9.212
24.066585           16.121924         4396.140093           36.363871           18.537202         5012.856252 9.212
26.883231          -37.561274         4230.929072          -15.003088          -25.782263         5040.311883 9.212
-30.566598           -0.545539         4207.715064           35.946704          -36.143366         4377.192521 9.212
-21.396360           23.694664         3995.029729          -33.776738          -17.798631         4286.695046 9.212
-36.104572          -20.528783         4647.852652           37.769487           18.731321         4821.070002 9.212
2.952566            0.910464         4019.913754            7.058691           31.155864         4792.704742 9.212
-2.881074          -24.489389         3833.296794           -9.115100            0.312670         5108.959827 9.212
13.800361          -15.787214         4244.012067           -7.645846           16.193529         4849.606470 9.212
3.876612           35.474018         4472.927140          -39.715238           24.104508         5161.808574 9.212
-1.884677            3.351184         4307.340891          -13.390653           33.727892         4545.460929 9.212
19.231389           11.092953         4224.341138          -32.815219           13.917060         4963.329155 9.212
19.619545          -23.758457         4162.922074           -6.773835           23.655691         5076.971411 9.212
-8.018510           15.876855         4603.043456           32.926077           23.740528         4580.522015 9.212
34.974209            4.551026         4391.826070           -5.635748          -39.274089         4848.991583 9.212
34.728695           -5.238218         4643.872365          -37.261046           17.433474         5121.450758 9.212
38.866365           11.887587         4432.591248           30.863498           14.838467         4654.459109 9.212
17.245076           10.947811         4479.008409           -6.259669            7.715395         5110.742763 9.212
-24.988458           31.752965         4161.052275           30.109538          -29.363962         4552.510314 9.212
-3.920181           13.452910         4339.110864          -28.537115          -38.089004         4858.129284 9.212
-30.566350           -0.488444         4438.947052            7.451815           27.434937         4617.416714 9.212
11.550246           -1.267860         3990.739587          -22.940227            5.132978         4709.431007 9.212
-25.410281           12.004090         4330.559556            9.748670            9.029131         4457.662693 9.212
7.919300           -2.657910         4404.598398           20.062720           -2.939475         4490.436489 9.212
-19.384988           21.741811         4341.906984          -38.857989          -15.342319         5209.090625 9.212
32.162130          -28.747719         4147.448227           -6.493429           27.634607         4926.600949 9.212
-26.045562           29.201442         4307.453555           39.524169           18.847804         5054.151988 9.212
-11.054434           15.819611         4624.811622           -0.655352          -35.424565         4614.057338 9.212
14.062925           -7.951035         3945.830624          -15.336610          -37.744620         5044.939363 9.212
-31.773219            7.552457         4201.273875           28.248057          -35.356107         4481.378865 9.212
0.829405          -17.526148         4455.976764          -28.799672          -15.948413         4911.259550 9.212
12.763321           -6.426335         4134.604850            0.520173          -36.074645         5102.778073 9.212
29.436724          -12.089987         3834.082953          -10.683741          -29.030647         5048.553293 9.212
-30.345440            8.810528         4368.204100          -20.870418          -22.441429         4521.235516 9.212
-33.157595           38.952636         4527.157107            0.098813           23.652799         4355.056092 9.212
24.510423           14.302692         4301.724458          -38.366875           -6.702095         4924.736754 9.212
11.991454           -2.938869         4534.999823          -27.888474          -33.398270         4566.495858 9.212
-0.923481           27.831970         4265.713874          -10.174091           24.861406         4629.018087 9.212
8.932158           20.760390         4140.531887           34.911682          -39.709662         5000.428063 9.212
-26.827935           -9.100219         4332.898015           12.021685          -14.449650         4450.579099 9.212
-6.497580            6.255414         3986.599690           32.811381           33.979813         5177.304679 9.212
-21.069249           34.305902         4666.568102            5.434944           28.622266         5066.638706 9.212
24.079334           18.402164         4299.229151          -28.583190          -28.802377         4686.833692 9.212
-8.987339            3.697759         3920.466180           13.993345           39.489010         4517.490503 9.212
-12.544986          -28.504046         4568.309171           -4.100263           39.524395         4395.976237 9.212
25.919373            9.336025         4113.519125           -3.854214          -35.361913         5015.439721 9.212
6.894209          -32.943437         4663.435137          -17.917320          -18.504972         5006.607282 9.212
-14.742110            2.458830         4370.222812          -10.461047          -26.305113         4798.944423 9.212
28.099447           30.693244         4282.710959          -17.903955            7.868859         4520.765095 9.212
12.226541           37.457716         4552.952183           27.863823          -34.462750         4861.334539 9.212
-0.473485           17.375874         4171.988547           14.870463           27.311132         4329.784834 9.212
-14.524139           -0.494062         4138.850854          -38.736776           14.810811         4981.340248 9.212
38.162593           29.334689         4524.094831           22.238446           33.542415         5189.208471 9.212
29.009902          -16.897982         3955.189623           -8.828381           33.536828         5083.748312 9.212
-2.618430           39.085904         4085.934564          -23.530592          -35.269018         5099.338386 9.212
10.163486          -30.480354         3940.798548          -39.645588          -34.443843         4508.612852 9.212
-21.773288           -4.251482         4618.466304          -37.912863           -6.315931         5027.362421 9.212
-1.081420          -33.503041         4538.138877           -8.362314           16.123214         4515.058741 9.212
-0.976437           10.120612         3851.457411           -3.360381           12.672708         4402.728705 9.212
20.534833           22.056224         4063.086217            9.754713           37.066816         4575.438052 9.212
23.621472           29.100199         4111.813523          -14.513483            4.563128         4610.948427 9.212
-6.654127          -16.779630         4485.934230           25.058159            3.049937         4966.222058 9.212
-1.660254           17.853298         3977.736999           -1.309338          -38.406440         4965.954163 9.212
33.736046           21.559118         4151.772679           -2.449415           25.182532         4493.986202 9.212
-18.648945           11.231838         4476.626226          -30.100027            6.428685         4635.118217 9.212
4.128245            0.811920         4638.754341           23.804077            8.933989         4747.447536 9.212
-23.619672          -39.134669         4126.168432           -1.809534          -35.115872         4978.305207 9.212
31.189796           -6.997872         4609.093623           30.691597          -24.269254         4853.425106 9.212
8.507600           35.354080         4135.583865          -36.258491          -12.495654         5041.403715 9.212
-25.613742          -31.842156         4452.616334          -28.708192          -16.820720         4484.114390 9.212
-25.521632            2.660898         4248.684077          -30.300576          -29.860273         5140.597411 9.212
23.712362           -9.557339         4352.842204           19.810495          -20.272630         4393.051280 9.212
37.047610           29.665948         3834.486977           -5.715941          -13.749196         4678.240327 9.212
-15.992350            2.537188         3869.715275           30.761093           27.720597         5051.137642 9.212
-3.992462          -31.397135         4391.184005           20.235475           -9.479181         5204.003805 9.212
-31.699328          -32.981245         4301.206086          -11.557753           37.062436         5166.678182 9.212
2.796436           20.828701         4506.090681           31.505188            1.405286         4539.388457 9.212
-33.333532          -24.090328         4239.193431           24.369141          -22.695282         4975.184404 9.212
25.021969           -8.422775         4418.971216           17.969969           16.557703         5086.179328 9.212
-26.687513          -21.189561         4626.976952           31.767634          -26.900115         4827.320931 9.212
-29.337328           17.939531         4485.369463          -31.112587           21.778367         4343.330361 9.212
-34.567482            0.183942         4294.490183            8.326866            4.171585         5105.589484 9.212
-3.711220          -17.475300         4518.818641           -6.521621          -28.444878         5030.257110 9.212
10.446324           37.011197         4274.227283            3.944118          -33.201938         4811.573296 9.212
1.227667           10.124599         4331.803301           36.023381          -10.290488         4865.656871 9.212
-29.015868            4.846608         4284.209947            4.154444          -13.354599         4916.851114 9.212
-14.537910           -1.352204         4233.839516            0.173724            5.090281         5133.529347 9.212
12.730547          -10.103438         4528.096337          -24.941929          -18.469571         5091.755514 9.212
-37.205016           35.914654         3986.011971           -4.716048           -7.847392         4307.789689 9.212
21.573829          -23.604991         4631.298563           22.217636           19.119499         4574.669394 9.212
28.892279          -36.091128         4458.486137           33.611209           14.688605         4932.975224 9.212
-37.671874           15.907957         4311.395069           10.424799          -12.618207         4835.529604 9.212
-28.830361           24.108688         4673.172681           39.556885           28.303945         4289.285963 9.212
8.240846            6.291264         3837.744671            9.412270           21.403255         4550.711117 9.212
38.277657           -0.041297         3934.566279            9.916852            5.236279         4614.632848 9.212
4.725577           33.147893         4208.827863            0.597939           28.483478         4499.873512 9.212
-27.428793           37.114112         4047.200918          -28.744482           36.943344         4356.601204 9.212
-16.307916          -23.566002         4299.854551          -13.132452           18.534779         4327.158333 9.212
-0.595116           13.710516         4117.205391           37.907316          -36.725560         4493.661861 9.212
-16.217035          -19.067858         4471.245976           -8.037452          -21.223937         5113.396475 9.212
-12.854842          -19.986022         4544.508892           16.780991           20.369976         4921.812527 9.212
-31.002670           -6.464949         4430.007336           26.925135           17.155344         5107.115714 9.212
-11.042661          -24.739175         4335.966223           37.564321           38.591508         4350.897928 9.212
-23.529959           34.231376         3963.090522           22.363127           19.592090         5060.128715 9.212
15.913809           -0.379255         4196.369824           32.927215          -18.773255         4282.104280 9.212
23.141093           29.622560         4059.426832          -38.228641           30.830605         4509.600513 9.212
35.858009           29.625579         3892.922956          -33.939035            0.898772         5132.473272 9.212
1.654216           37.761972         4512.794418          -38.991143           35.200092         5103.078510 9.212
-22.442571           27.996384         4634.120127          -21.175963           26.635057         5095.411990 9.212
-17.306453           35.821510         4592.744054           19.599393           -8.927058         4578.607465 9.212
-38.583241           15.810938         4571.888782          -33.568032            6.873099         4494.709237 9.212
-25.399733           39.366481         4405.780010            7.678276           11.932070         5066.762755 9.212
-33.371549           38.729540         4414.181189          -12.701321          -15.115860         4680.855952 9.212
-31.227864           -4.491575         4660.391594          -32.223347           -2.359039         5091.547385 9.212
-24.977382           27.958282         4173.467670           30.151889           -1.825020         4549.164547 9.212
-5.358013           28.082535         4498.723886           19.410806           14.430402         4617.559932 9.212
1.588567           36.534902         3941.286319          -36.223259          -13.147831         5085.510415 9.212
-21.241313          -28.121414         3919.570545           23.392334          -28.379617         5159.691357 9.212
5.473496            7.119472         4122.775982          -21.068950            4.433182         4312.546708 9.212
-30.292129           11.022613         4316.996644            9.161544          -38.378305         4692.134461 9.212
-38.906159          -28.213155         4555.001316            7.953827           33.522494         4612.256321 9.212
32.354251          -31.203645         4484.288562          -38.379654            7.255224         4852.301342 9.212
20.267546            9.478884         4140.237226          -20.745312          -23.700044         4898.446712 9.212
-19.165556           32.668291         4453.741664           10.940053           -8.718783         4373.099792 9.212
-4.378198           -5.516354         4090.166511           20.228879          -11.732617         5015.345174 9.212
36.948136           16.758140         4229.094463           -1.086935           11.635191         4905.737335 9.212
8.060224            5.394932         4226.875543          -31.876839          -16.546058         4995.841878 9.212
-33.937295           -7.960863         4363.185442           -0.796403          -15.675750         4424.993599 9.212
34.751979           38.201184         4612.861489          -30.267875            8.259386         4561.195648 9.212
9.553763          -25.253846         4620.549935           26.304126          -29.138562         4725.568144 9.212
2.480830           -1.482593         3841.205134          -11.170465          -23.016918         4992.388453 9.212
-34.468568           19.390986         3842.566480          -36.082699           37.894153         4646.147176 9.212
12.041671            5.490349         4306.511768            1.094276            0.434329         4681.321945 9.212
6.571618           37.141086         4517.004161           15.009646           39.565372         4716.816013 9.212
3.561008            5.478850         3862.539353          -16.387575           24.831738         4763.210368 9.212
35.805852           -0.565189         3948.306949            2.358557            2.300293         4363.344931 9.212
-18.489593           -8.434838         4107.321059          -39.718019          -29.760272         5157.198304 9.212
6.150497          -30.853617         4006.701000          -33.219027          -11.369510         5145.394437 9.212
-22.800759          -23.528841         4542.399425           -4.034928           20.232392         5033.278189 9.212
-11.111542           39.755479         4204.710482            0.255442           37.175745         4552.822169 9.212
24.777979           26.391137         3827.549513          -16.829842          -39.140839         5080.963022 9.212
-0.008792          -28.474129         4068.137700           32.714432          -18.903933         4660.353216 9.212
-12.604322           17.300278         4174.832121           36.371895          -22.827103         5214.914256 9.212
26.527361           18.725060         4088.609178           12.214229           38.551641         4546.410887 9.212
-23.737085          -14.162003         4308.388294          -30.874554           21.997595         4861.200564 9.212
20.907148           37.569394         4060.202128           25.862425          -36.306727         5118.883385 9.212
-11.610608           13.436264         4196.634270           -3.561257          -31.560746         4681.556419 9.212
4.292846            7.323194         3931.514514           -9.807566           33.772324         4893.582534 9.212
38.895847           -8.644596         4549.661541          -14.222172           -2.518066         5018.151792 9.212
-16.848953            3.970500         3888.911912           29.710427          -36.253372         5060.243970 9.212
1.247626            7.384794         4270.048875           33.804716           29.497627         4806.049727 9.212
-38.863705           32.048261         4018.611771          -36.095686          -30.317416         5149.464438 9.212
-26.474362           -7.508127         4010.983513           27.002839            6.231314         4560.511061 9.212
8.475284           17.762106         4289.334984           32.272873           11.450793         4849.075544 9.212
-12.848976          -37.063120         4434.606384          -31.884476          -22.466633         4925.055325 9.212
26.212729           14.906390         4323.664286           34.443829           -8.842010         5167.619265 9.212
34.794454           28.400000         4588.981007           32.991110           30.614187         5003.061762 9.212
31.712410           34.399475         4096.656303           36.432863           22.116725         4340.237387 9.212
37.483068          -24.637599         4083.234102          -36.740465           -3.483311         5190.170791 9.212
-12.379798           30.338352         4312.278634          -12.773914           16.935794         5158.537488 9.212
7.571944           22.336863         4184.606079           16.417590           -7.917044         5213.296775 9.212
-28.062976          -24.004843         4423.552614            2.396012          -31.640117         5216.651976 9.212
-16.466490           15.695278         4055.924580          -33.280484          -20.121989         4767.674658 9.212
30.733125            7.102943         4634.391989           19.501216          -35.536161         4819.562367 9.212
-39.815436           11.028389         4453.907955          -30.093633           -9.629907         4844.923827 9.212
8.272028           37.336154         3984.889579           -8.734169          -37.635212         4556.878704 9.212
21.621265          -26.117240         4647.914953          -12.315045            7.212578         4285.639033 9.212
7.078966           -7.569798         4653.312522          -17.175579            9.774750         4726.262873 9.212
-24.678417            3.914754         3873.335021           26.836861          -14.595515         5154.888017 9.212
-10.514152           29.418957         4073.871979          -17.743788            6.697663         4604.252842 9.212
34.993553           16.980640         4484.973938          -17.901074           28.946632         4812.299593 9.212
-11.413715            8.044145         4609.829310           20.504604            8.745011         4980.349871 9.212
32.874720            1.925214         3894.239285           -3.423738          -26.377162         5106.202863 9.212
-17.566123          -36.632589         4627.683914           20.695943           39.100418         5092.508103 9.212
-7.644195          -12.586780         4511.014635          -29.605361          -17.012731         4878.963138 9.212
-34.160148           25.578721         4054.861230           -8.905402          -29.891584         4448.165019 9.212
34.522044            0.186697         4365.316132          -13.241617          -35.465430         4414.417447 9.212
-35.533105           28.444431         4298.679456            4.350628           -5.696086         4966.654787 9.212
26.463023          -32.154179         4259.266400          -19.701041           35.215587         4598.078632 9.212
33.732986          -15.758066         4620.981687           -0.309410           30.849022         4484.702634 9.212
38.687011           10.108089         4127.069129           24.292452           19.759080         4653.012706 9.212
-13.672113          -28.564188         4179.424421            0.486888          -13.623629         5080.463887 9.212
-36.413427          -24.426865         4320.251214          -28.761378           -6.118111         4756.459566 9.212
-11.808722           21.486681         4005.792176           -1.274028            9.318559         4573.478938 9.212
14.767931           34.424795         4058.109932          -29.059162          -39.903628         4682.190078 9.212
18.708595          -37.395328         3960.824736           25.548996           39.885223         4733.355628 9.212
-24.557927           -6.875874         4445.700157            7.694960          -34.306423         4873.793654 9.212
-22.607503           31.940481         3931.593774           19.393536          -32.173890         5113.638767 9.212
-34.979613           38.020817         4526.556838          -35.513671           38.073799         4885.740338 9.212
13.664299           29.320089         4602.207260           -8.896442            5.947850         4688.251477 9.212
-33.437107          -30.663365         4231.599382          -20.716421            4.556754         4603.577580 9.212
26.550308          -33.174536         4277.119203           39.605708          -24.222497         4392.718427 9.212
-36.067412          -27.211108         4607.315464           29.498600           11.967985         4981.489450 9.212
38.284602            4.197926         4220.192707          -17.789009           -2.165628         5019.267823 9.212
23.838204           24.609371         4510.266282           -8.949872          -21.236953         5166.004387 9.212
-27.598880          -32.996980         4294.654426           30.766708          -12.821489         4893.197928 9.212
-25.689253           32.583605         4520.897337           -6.836568           25.563247         4488.048217 9.212
-12.328879           13.530278         4593.685168           -6.090336           33.480116         4956.752726 9.212
16.065030          -23.853263         4247.123857          -29.635967           38.458606         4690.143265 9.212
14.472237           30.257791         4333.358420            9.310703           24.021670         5079.677676 9.212
26.498399          -26.471419         4039.806762          -16.565760           -6.067026         5202.195843 9.212
-37.787123          -10.354831         4137.090340           39.848371          -16.962992         4600.688835 9.212
24.393235            9.621748         4642.375353          -37.958587            4.507856         4427.979969 9.212
10.012169           16.767459         4458.278099          -34.166854           23.186086         4275.987595 9.212
19.049073          -29.760346         4166.572986           19.889792          -28.836455         5118.957724 9.212
-1.712340            5.595498         4575.375012           25.824185          -35.777754         5051.172420 9.212
13.697836           -1.098438         3860.704390           12.474332          -13.840202         4791.263861 9.212
-31.947247           -5.657321         4203.885352          -21.266199          -22.798333         4594.468667 9.212
35.396006           17.381568         4294.212302            2.614789          -35.958738         4287.946350 9.212
-12.957172          -17.769266         4645.390543          -31.459946          -24.012095         4717.483291 9.212
27.239893           27.450874         4495.847493            2.500124           -7.871258         4609.673995 9.212
28.184350           -3.647716         4327.951906          -29.935122           15.605532         5012.470887 9.212
-12.929733          -27.599831         4054.249528          -34.132255           39.680030         4762.667099 9.212
-17.237401           17.444173         4463.136304           18.114510           15.902001         4436.220836 9.212
25.296583            3.407594         4541.134177          -15.705938          -15.412783         4452.876366 9.212
0.060839           -5.732292         4109.674302          -18.680600            6.400399         4347.504626 9.212
-1.696404           -1.024414         4256.789939           -9.607601          -32.825150         4797.564445 9.212
-34.102275          -23.785104         4364.639920          -28.941141          -18.297845         4421.886688 9.212
33.929273          -16.378540         4214.837803           19.463731           -3.142680         5097.343059 9.212
21.957637           -4.100106         4602.493663           -3.063659           28.855391         4799.247619 9.212
-30.549887          -33.865236         4545.080199           14.109347            7.218045         4716.136646 9.212
-0.527549           12.032120         4293.081938           10.306627           11.912982         4473.420836 9.212
-14.826594          -37.423841         4597.545080           19.502875          -25.703632         4605.106987 9.212
-19.564224          -26.499660         3834.436810          -23.440624          -19.341827         4349.568270 9.212
32.956699           17.259758         4062.950611          -39.849827           -3.967810         5018.866733 9.212
-38.813864          -31.555598         3938.003768            5.879077          -16.049776         4343.027329 9.212
-10.410971           34.658147         4290.637155           14.747028          -23.560520         4322.655496 9.212
11.064786            5.318760         3867.209248            5.657744           34.067821         5147.683134 9.212
34.702776          -37.020130         4348.482507          -33.164172          -39.490183         5189.837973 9.212
-12.529528           23.522089         4255.136355           22.890985           35.028026         4655.672801 9.212
-33.754812           22.487475         3940.519649           -2.057577          -18.699587         4410.154145 9.212
-32.991787           26.430672         4641.101710           -9.281503           -7.061404         4822.419860 9.212
-7.228653          -20.010329         3851.425069          -29.485325          -28.097518         4789.300367 9.212
25.687583          -31.234057         3976.876800          -31.265392          -28.023944         4631.095271 9.212
22.560335           31.779631         4434.277848          -11.422721            7.387269         4435.424083 9.212
10.786350           13.475612         4590.647899           -9.896352          -10.599283         4821.920479 9.212
22.323968           13.687192         4381.270301            6.990867           15.748562         5221.652026 9.212
11.161678           38.947129         4277.594074            7.410550            6.023453         4717.654298 9.212
-4.117819          -31.564273         4597.244597           38.405180           -2.701900         4636.660134 9.212
28.788922            7.699729         4177.392528          -30.669723          -38.318207         5149.424688 9.212
22.347944          -21.631361         4234.818222          -39.314199           27.083148         4992.791143 9.212
22.377205           12.218569         4282.592059           10.666745          -23.406006         4714.170004 9.212
-8.324611           14.525871         4096.252978            5.691118          -10.159087         4943.494273 9.212
7.074502            8.647038         4161.290753           28.506741           14.236457         4371.578164 9.212
-19.047532           14.436411         4498.176817           15.073928          -15.790008         4877.351661 9.212
29.986773           26.025320         4272.203578           26.085055          -32.668652         5147.679109 9.212
3.608698           16.888629         4071.689446           30.121340            7.984277         4525.554856 9.212
-9.001532           35.473594         4390.945281           14.307742           14.314342         4491.476997 9.212
34.768998            0.093602         4488.588020           24.771010          -31.138796         4388.687348 9.212
17.343489           -8.589716         3894.839324           23.252763          -25.671334         4334.077331 9.212
20.297406          -19.971634         3989.824373            4.524119           -8.076000         4687.559028 9.212
-24.246369           31.365744         4210.328565            3.230977           19.588043         5048.208656 9.212
19.662060          -27.749809         4118.665092           -1.719612           21.656673         5094.226386 9.212
38.229768          -31.443048         4648.399286            4.232948           14.784449         4913.051286 9.212
-24.576169           32.970287         3851.141048           -9.370087          -38.046096         4966.743155 9.212
-33.181381            1.844219         4421.442311           33.461072          -33.198058         5046.424479 9.212
-23.998915          -28.931960         4277.638191           30.178770          -20.085143         4836.336692 9.212
23.525520          -20.689372         4465.822406          -26.305364           39.445320         4301.182091 9.212
-7.582197           29.307120         4153.572911          -14.223587            1.801635         4939.358916 9.212
-29.227621          -28.026413         3922.685359           -1.843630           15.853472         5181.354090 9.212
-35.615563           -6.917376         4495.397569           17.267762          -17.785595         4991.282923 9.212
-18.203285           26.333244         4304.923610           12.431945          -11.110953         4854.519871 9.212
-9.370165          -19.212516         4625.908008           39.230927           28.564718         4478.542770 9.212
-27.377317          -24.038822         4652.632967           -5.191571          -26.127290         4504.307358 9.212
-38.586435            8.969005         3866.194078           13.385960           -1.101948         5069.212083 9.212
-26.148965           33.430487         3984.671011          -33.752845          -18.378964         5098.875730 9.212
21.419436          -18.945404         4524.200299            1.973533           32.690492         4275.885035 9.212
-27.171782           16.220183         4632.861215           -9.729925          -20.544235         4652.747758 9.212
-33.507520           10.945142         4568.636393           24.278680           -9.664498         4424.529594 9.212
39.239879           30.238688         3889.094429          -30.681519           -2.514940         5169.636401 9.212
-36.453848           33.916391         4491.212598          -17.729469          -11.427896         4907.122337 9.212
-25.641164            8.956068         4556.907828           27.712083           21.604540         4763.075411 9.212
0.166379           18.142777         4159.622096           10.229628          -32.151174         4548.676689 9.212
-17.286740           31.314464         4192.357770            9.425614          -23.991411         5215.398607 9.212
-25.090989           -2.336650         4495.197344          -34.509064           29.364618         4787.774665 9.212
-3.514282          -25.494965         4055.583977           -4.367817            6.576512         5224.930796 9.212
-0.098451           -7.514440         4254.691478          -25.905368            3.618017         4456.506388 9.212
-3.641860           27.213650         4559.048592           27.955821           28.498276         4278.271916 9.212
-7.126937           -4.957882         4554.570998           38.472394          -25.450279         4968.767860 9.212
24.464482          -21.361462         4271.115044            5.557118            7.902655         5222.768986 9.212
-34.992018           15.571877         4054.488053            9.420555          -17.165190         4904.373697 9.212
32.369312            1.424811         4287.016795           -4.348136           -7.573013         4383.291318 9.212
-2.311703          -27.208410         3973.470358          -22.290971           19.834740         4323.012525 9.212
-20.738290            5.745087         3968.794780          -27.620561           27.057322         5220.178405 9.212
39.982820          -15.209264         4072.140583          -12.568469           -8.417807         4838.585684 9.212
21.076933          -24.356136         4284.978704           -3.462538           39.858794         4955.590320 9.212
-10.924143            1.885305         3907.353994           -1.815012           39.439433         4492.924838 9.212
5.515997           29.829541         4647.717930           35.692074           35.248466         4492.444570 9.212
24.520470            2.702735         4289.348076          -39.999284            8.481817         4757.929243 9.212
-14.889571          -21.450510         4331.229765           21.067496           18.444146         4418.433871 9.212
36.535657          -27.069657         3875.108037          -27.803472           -8.946899         4779.854923 9.212
26.684965          -31.265927         4036.358040           10.097529          -11.921505         5024.656470 9.212
16.849921          -30.627350         3947.251656          -11.254301          -29.066460         4803.873830 9.212
6.130664            9.737023         3945.588329            1.883663           32.848318         4404.424591 9.212
14.184712          -11.779826         4561.060138           -4.279151          -17.302977         4445.780222 9.212
-9.810809           11.818544         4183.457790           38.533644            0.680914         4684.837098 9.212
-16.670981          -37.813855         4367.936737           -0.121289          -13.099905         4808.843961 9.212
34.034444          -18.345724         4154.324084           37.700499          -32.546509         4385.620784 9.212
-16.233467            2.662450         4310.417840           37.153456           37.278545         4681.633255 9.212
31.486405            2.212709         4576.516053           38.972256           -7.744978         4810.917041 9.212
-25.272527          -36.372312         4668.646024           -4.533562          -20.582891         4727.595884 9.212
-20.705022          -13.376607         4532.204012          -38.472511           12.137957         4294.253767 9.212
39.176235           28.486272         4324.949762           16.657970          -32.320157         4613.584396 9.212
11.524703           26.637186         3835.319210           15.199624           28.017986         4310.364411 9.212
37.860094           35.562369         4669.373572          -25.941525           -6.684691         5189.860626 9.212
39.850231          -39.747743         3954.586069          -31.139008           20.437501         4348.664447 9.212
-12.579336          -23.851303         4484.965752           -9.052047           34.255685         4637.865154 9.212
30.228672          -20.725027         4099.019935           27.653619           -0.736665         4968.039998 9.212
11.087345          -31.470577         4180.883155           -1.696135           -9.945290         4835.319316 9.212
4.121984            1.695918         4357.158276          -30.219590           14.708999         5138.113548 9.212
30.080476          -19.723203         3971.700202           23.262354          -35.827822         5016.691250 9.212
-33.813220          -12.734509         4562.642241           -2.553256          -25.684696         4934.135752 9.212
-12.592844          -30.617260         4384.412053          -27.062628           23.588037         5159.551579 9.212
23.748321          -26.604759         4328.269152           13.141129          -15.273177         4383.545992 9.212
35.694851           -6.855687         3906.536902           -2.480340           22.690620         4980.578527 9.212
39.484868          -13.000013         4488.627202          -20.443661           34.902633         4395.733769 9.212
6.675988           -9.389772         3984.886106            4.586120          -21.310798         5093.667852 9.212
26.483070           11.531757         4227.383432           36.466996          -27.878570         4517.386943 9.212
1.862142           -9.535406         4564.908306          -26.235851            2.291362         4505.738689 9.212
37.923869          -29.140662         3945.881416          -20.456356            8.227468         4636.908001 9.212
18.012439            8.217270         4291.007349           -1.846497            4.744000         4813.949046 9.212
-4.096656           35.129392         4463.945206            5.081357          -37.854644         4639.983031 9.212
29.412498           -7.152617         4590.914033           31.498548           22.121851         4447.125177 9.212
-14.180479           14.640514         4608.958192           20.592031           35.011542         4306.793489 9.212
22.197528           -2.045514         4590.782669           36.554277           14.467163         5062.041351 9.212
3.955704           -4.960612         4241.819487           -4.950992          -38.674117         4655.652431 9.212
26.424055           29.567285         3989.926829           34.896656            9.232532         4931.169036 9.212
-8.605813           33.575431         4184.977881            9.638497          -25.943457         4292.355004 9.212
-39.789100           29.503677         4227.696545            6.042465          -15.401318         5046.362062 9.212
3.933879          -28.991565         4379.303498          -11.743119          -15.815834         4913.878321 9.212
-28.564073            0.531318         4182.839500          -22.944383          -32.106995         4779.186942 9.212
-38.263926          -34.288391         4382.231020           13.488212            6.468176         5124.784134 9.212
25.502180           20.305670         4241.224680           19.569692          -29.259422         4319.713745 9.212
10.981602            0.212557         4628.317072           31.683533            8.967513         4944.181023 9.212
32.191280           -1.617923         4359.770952           23.518676            5.340723         4434.132794 9.212
1.542854           33.426160         4238.807729          -32.069556          -14.513204         4578.192846 9.212
2.363230          -13.360411         4634.708743           18.398397          -17.324456         5167.164423 9.212
-12.142103           12.821833         4556.005753          -27.624492           14.315147         5073.386187 9.212
19.085710          -25.181453         4403.448111          -32.080180          -18.210933         4829.160081 9.212
-24.779575          -34.744197         3888.137641          -34.691364          -15.707797         4846.240534 9.212
38.226887           25.577586         4196.763142           -9.547046           29.166006         5020.863627 9.212
-38.835107           14.652921         4122.305583          -20.667617            8.683747         4500.773112 9.212
18.898848          -23.255694         4149.990613            6.880008          -14.147095         4903.295905 9.212
-24.166585           15.250421         4553.857871          -21.773218          -24.258025         4298.149036 9.212
36.369495           35.585893         4025.701791           20.119670           26.326022         5131.983498 9.212
15.674669          -26.628821         4524.171150           22.652694          -14.171357         4290.410850 9.212
8.394374          -11.252676         4168.912251           35.350099          -22.004708         4409.046604 9.212
3.654980          -33.107961         4077.766874          -24.320306           37.152565         4973.597575 9.212
-27.770106           10.661684         3938.354053          -34.668661          -33.992476         5028.903754 9.212
19.021852           10.531014         4506.094617          -20.550781           14.881847         5213.716045 9.212
-4.708810          -34.967106         4439.752756          -17.574382          -34.243459         5041.728031 9.212
-36.224266          -27.688728         4218.761574          -29.826852          -37.802484         4462.776450 9.212
4.120948           23.236795         4197.753996          -26.889166            9.070261         4388.958656 9.212
25.649462          -22.898382         3957.132789           28.836637          -24.631385         5084.262790 9.212
31.173753           30.326225         4484.306803           36.019089           -3.455593         4570.528169 9.212
28.499388           -5.410645         4068.523379          -35.545948          -10.936404         4924.071543 9.212
20.887378           -8.299133         3953.938871           13.377234            8.695652         5055.163440 9.212
-6.175511          -14.083178         4570.511132          -39.934929           36.376430         4314.076941 9.212
-36.471138            3.691662         4317.007553          -36.452579            4.350701         4696.736429 9.212
24.694563          -33.538534         4007.533236           34.690128          -26.592437         4304.164570 9.212
-27.422013          -36.712152         4189.122767           -4.148795           -2.787662         4391.240079 9.212
29.969989          -23.001387         4260.116778           10.814619            5.108865         4904.038390 9.212
37.364788            8.398364         3966.997851           -1.390169           37.834228         4316.207428 9.212
-35.442181            9.653489         4260.322583          -23.041557          -11.823143         4765.459364 9.212
-21.342048           32.271045         4664.507793           -4.611961           17.130768         4996.562724 9.212
20.434379           30.044963         4563.456877          -12.047894           23.056960         5014.333034 9.212
-20.669723          -27.596647         4152.948922          -28.573423          -39.788958         4510.606648 9.212
24.761881          -16.171961         3881.805362           33.187890           37.890735         4848.199610 9.212
-7.102387          -36.650954         4110.174004           29.171285           29.278482         4955.280709 9.212
-11.086915          -15.342345         4083.467612           -1.253087          -10.703161         5222.484729 9.212
6.616808          -34.237013         3952.964045          -39.190670           -5.867814         4474.190233 9.212
38.183729           25.544091         3974.301341           11.485496          -25.154573         4577.646225 9.212
-38.020637           25.809638         4201.067797          -39.651811          -32.036564         4912.181334 9.212
17.393493           -8.785884         4063.147026          -17.260281          -14.066714         5116.981741 9.212
-16.794002           26.381704         4112.652659          -23.797830          -15.705746         4981.824189 9.212
-34.499289           29.334582         4114.545138           20.317944           26.773449         4604.147945 9.212
-33.298500          -19.152547         4495.778534          -14.918936           -7.386206         4494.990983 9.212
-0.016001            5.690692         3996.374267           -3.110643          -30.336436         4712.036179 9.212
-32.076122           -7.425160         4046.836264           37.381314           36.383433         4776.598206 9.212
-5.128812          -35.109443         4265.161190           11.419017          -21.596819         4893.821836 9.212
-34.843986            1.357684         4298.983181           22.237351           39.870173         4970.906630 9.212
-15.650355          -28.358188         4325.380553           34.653791            6.884033         4988.145399 9.212
-5.352335            9.958326         4599.693217          -23.002633           13.274910         4628.062194 9.212
15.362415           10.787305         4498.517918          -39.339351           11.505081         4804.832932 9.212
-29.967544           24.982128         3916.564362          -29.870115           32.824122         4427.402470 9.212
8.166377          -23.101364         4324.699810           -8.004105          -17.394939         4366.426199 9.212
-14.879671          -13.937688         4534.701108           38.732049           32.205145         4327.747205 9.212
-22.145816          -35.135152         4612.975352          -27.792408          -13.951710         5199.300262 9.212
9.664218          -38.980121         3843.172047           38.067387           -5.129789         4998.000949 9.212
-36.242643           -6.753764         4108.800567            1.928631           -1.083220         4324.198460 9.212
-23.147645           12.111725         4039.521265          -11.756188           -0.825577         4943.723323 9.212
-13.449526           14.015235         4088.775901            4.203634          -27.927817         4369.351101 9.212
-0.096419          -38.651877         4498.626789          -38.944795           39.959711         4418.355629 9.212
24.290779          -17.225209         3860.019626          -18.658729           13.113702         4411.823409 9.212
2.168319           35.271737         3872.754327            3.748111            5.719907         4904.638606 9.212
-35.549338           15.436099         4260.520724           -1.989476          -23.459045         4845.010679 9.212
-11.330324          -39.855437         3874.733275           19.664602           25.483255         4391.757612 9.212
-9.507342           10.581726         4276.041130          -22.486904           -7.156268         4763.425573 9.212
-34.801175           21.618267         4186.796406           -5.401548          -37.043297         5161.545560 9.212
4.686054          -16.118109         4390.359186            7.580566           17.917620         4952.953054 9.212
-32.107427          -20.198131         4081.355679           22.087458            4.223711         4612.911637 9.212
26.459879          -29.239611         4021.651759            6.953304           15.676098         4753.443001 9.212
-6.783693           -5.891282         4400.137074           29.329666           31.879549         4832.123520 9.212
4.935080           20.973486         4560.786619           28.341692            3.928055         4534.634977 9.212
-20.243340           38.538262         4550.281935           -7.458972           20.989305         5126.847533 9.212
34.489239           39.998335         4038.911405           11.031786           10.358539         4713.099015 9.212
-33.292811           -1.000861         4065.101752            0.878905           13.542326         4470.475457 9.212
7.268522           22.426093         4612.037794          -14.653842          -12.303178         4847.895353 9.212
10.771294           28.769248         4096.997723            1.829826            5.393373         4989.379400 9.212
-4.090488          -23.025657         3912.831277           34.474550          -37.960777         4817.175468 9.212
36.083654           23.658430         3982.900407           29.238878          -14.832686         4344.389653 9.212
37.288834           31.851870         4358.075173          -39.344897           -7.581920         5090.652593 9.212
-37.007049          -25.673936         4638.171631          -31.906971          -13.421431         5165.375424 9.212
-39.336678           25.050582         3875.361379           30.390955           26.826013         5172.526997 9.212
-26.193268           16.082643         4562.725326            9.692407          -22.480435         4598.692541 9.212
-11.385642           12.205111         4352.228575          -34.306070          -24.522142         4811.253660 9.212
-25.685545           23.238424         4379.679443          -17.627800          -15.437949         4855.862849 9.212
16.829239           22.049404         4067.656068           20.610827          -15.619424         4916.788374 9.212
36.755249          -39.068046         4166.606944          -12.357016           -5.264438         5067.928316 9.212
-15.313809            5.355745         4003.597809          -16.066881           38.789126         4713.694502 9.212
26.592855          -13.557408         4417.396908          -17.158655           36.413244         5145.482581 9.212
15.510521           37.334380         3964.906914          -24.325469           29.719353         4735.159151 9.212
-13.211819           18.203789         4455.350041            8.151664            2.200759         4911.069074 9.212
26.674086          -25.405498         3929.159557           24.518179          -37.664617         5102.819231 9.212
-29.666507          -38.115598         3877.715120          -29.193202           -7.571365         4732.967101 9.212
31.643211            2.648043         4474.659161           -9.099695          -11.148483         4872.406483 9.212
-13.750893           30.547753         4289.060251           30.971505           -2.413936         4940.103876 9.212
-30.614298           21.771429         4517.425676           22.479302           28.561136         5130.174686 9.212
18.054395           24.863348         4443.198843           -9.385702           37.039359         4916.703804 9.212
-36.945230          -23.855316         4222.998474           21.414168          -28.109602         4327.374164 9.212
16.277603          -10.916111         4302.570201          -21.451451           38.777135         4477.160072 9.212
-28.025694           -1.010305         4318.728627          -30.241123          -36.536413         5204.509575 9.212
-39.183248           31.431563         4284.649612            0.395439          -16.647889         4641.438749 9.212
38.473271          -28.233095         4657.455626           18.192514          -25.122113         4674.089690 9.212
9.015303           33.134052         4637.235027           19.783312           39.781289         5189.522412 9.212
32.095220          -25.881029         4344.863578          -30.055239          -10.830784         4375.745399 9.212
13.190974           38.582863         3972.503053            8.986128          -39.260602         4541.193431 9.212
-17.824610           -4.241549         4654.569465          -14.931740          -12.047400         5061.697137 9.212
-27.798802           30.284884         4449.511108            7.178604          -22.882463         5003.021738 9.212
5.387165          -25.093401         3958.508604          -23.819252           23.405403         4402.012460 9.212
1.114267          -17.316335         4356.397703          -11.045821           -9.345468         4682.237109 9.212
4.026158          -30.141058         4646.881090           15.681524           -6.762127         5153.835539 9.212
0.135867           13.698077         4285.170895          -29.019775           26.529345         4522.495781 9.212
13.782686            5.146049         4571.211918            7.863996            1.481941         4846.573690 9.212
19.585355            2.274710         4227.352560          -20.032024          -11.594882         5043.467222 9.212
17.636514           10.729975         4137.495105           -7.988640           10.012497         4796.211071 9.212
-8.688440           30.819718         4019.857389           20.808440          -27.487548         4636.525865 9.212
8.501623          -12.822812         4459.199920          -11.024362           35.804163         4864.459048 9.212
34.296884          -32.098881         4642.709960          -32.061298           34.876400         4598.766347 9.212
-14.739359           -8.661568         4498.930021          -26.803163           16.901159         5074.827898 9.212
-16.149843           -4.906172         4389.434842          -22.679399          -39.661564         4506.152564 9.212
8.582251          -28.058389         4668.400616          -13.453769           39.325595         4282.008721 9.212
-8.091459           -3.686683         4574.229146           27.713481            8.464760         5194.195101 9.212
20.747766           37.049186         4008.749567            3.271521           10.813542         5160.345207 9.212
-7.375049            6.966489         4326.434655           26.304772           28.798985         4911.829661 9.212
-0.191640          -15.333439         4507.157168           -6.634720            3.736964         4501.015102 9.212
17.031396           26.796591         4175.659819          -18.470826           11.873927         5143.791032 9.212
-29.170698          -11.868352         4548.059308           35.878817           -1.752365         5024.828233 9.212
12.452980           36.983676         4295.849086            2.359727          -29.596404         5162.763111 9.212
0.785539          -18.738862         4218.605150           38.596688           -9.656075         4503.727372 9.212
14.090433           36.839474         4169.404019          -12.166416           -3.057039         4545.571007 9.212
-6.818710          -34.275502         4182.387958            1.134770           -2.968832         4586.319276 9.212
37.796607           22.708224         3976.424014          -13.611105          -18.958543         4932.662773 9.212
-9.737267          -20.381179         4221.222960          -32.453511            0.556369         4606.103091 9.212
-12.944954           36.284751         3989.637484          -15.602939          -21.787341         4375.202531 9.212
-28.124650           25.633211         4590.531513           34.664556           16.098485         4966.300908 9.212
-0.989902           19.218606         4022.950993          -22.542093           21.033573         4447.636201 9.212
16.145793          -34.119758         4514.126821           33.110241          -34.153441         5219.592845 9.212
18.182625          -21.937043         4306.454650          -21.256777           15.557568         4317.694695 9.212
8.469849           -6.302682         4404.806993          -36.566036           37.863729         5160.616554 9.212
-26.519973          -13.104237         4133.258386           17.655869           25.730118         4645.146880 9.212
18.227283          -11.878101         4433.750206           31.120820           -5.419392         4279.195763 9.212
-20.496713          -33.267677         4135.524861          -15.594437          -26.000715         4485.895725 9.212
16.598336           28.077744         3944.949432           26.957738          -17.958085         4949.269266 9.212
-4.242322          -31.658956         4391.113799            9.569599          -23.150475         4693.997781 9.212
-33.275527            8.152355         3826.656424           33.249085          -34.060070         4834.969972 9.212
-33.261340           -5.752880         4375.964248          -22.415921          -22.830564         4600.399026 9.212
-28.714698           -1.602265         4501.518840           -8.874728          -35.696714         5127.809014 9.212
24.462588          -28.944322         4285.104938            4.115580           10.136598         4925.683069 9.212
30.910711           21.907644         4068.457963           -8.614705          -34.104957         4403.709722 9.212
26.444038          -34.069902         4066.036616          -36.531134           -7.220631         4820.546653 9.212
-20.128761           -7.386608         3923.125618          -38.302474           26.478376         5097.229323 9.212
1.255639            1.444795         4369.625469          -26.497374           25.276552         5015.537422 9.212
-35.188552           33.627772         3973.229970           -1.716438          -14.180307         4337.846717 9.212
-17.026586           35.710527         4081.019085          -20.291584           29.757433         4297.294857 9.212
19.985420           32.938943         4278.541170          -25.723885           28.806570         4915.982878 9.212
-26.023954           15.358006         4389.936255           27.465871           13.445871         4291.956261 9.212
36.537718           14.991288         3998.023298          -17.105210           33.534705         5085.413055 9.212
-11.909910            9.270460         4006.452054          -29.872469           23.359715         4733.899693 9.212
-0.496199          -10.987099         4291.825105          -13.031518           -2.116579         4828.325818 9.212
18.053005          -15.083619         4591.898737          -37.427678           39.206361         4305.857046 9.212
-15.307300            1.250355         4495.678659           11.700188          -27.715009         4592.947595 9.212
-17.781523          -27.794937         4560.459834           -4.716959           30.046496         4901.695793 9.212
-16.392134           -8.697617         4396.342212           -6.155126          -20.856094         5206.222498 9.212
13.666103           -2.826908         4601.435392          -27.411815          -26.315678         4427.292712 9.212
-11.222151          -35.754522         4013.389297           -5.001096          -23.237891         5096.658885 9.212
-31.368673            7.589072         4469.596904           -1.477361           -4.770404         4883.313945 9.212
-23.489784            5.518393         4130.113862           17.890586            2.883249         4619.524160 9.212
19.201436           37.338260         4452.995949          -35.793179           27.811520         4394.049711 9.212
-29.893961            5.916421         4108.359509          -16.755355           22.763789         5159.176620 9.212
31.567298           -5.660441         4316.759944           16.107554           10.432181         5127.983837 9.212
-10.715125            0.846301         4011.841133           19.246341           31.725757         4834.053719 9.212
-31.644595          -13.797581         4398.242188           12.127045          -26.995968         4898.107137 9.212
5.542349           16.967546         3938.932210            9.992115          -24.343714         4852.238310 9.212
8.666341           32.345037         4138.207354           13.282451           38.193266         4726.198806 9.212
-19.085823            6.384768         4425.339151           -1.614699           23.968344         4664.655736 9.212
-29.918688            1.964975         3918.003382            3.056302           25.170270         4760.464109 9.212
-31.150750           36.105999         4065.847313           30.591446           21.322947         4574.541617 9.212
39.974261            6.171899         4284.220790          -15.721537           39.297580         4638.970142 9.212
-10.349830           18.422753         4566.322469           12.981039           32.770929         5047.876117 9.212
31.405877           -8.229976         4185.379338            8.129406          -20.615982         5022.147848 9.212
33.514912            2.070744         4167.137982           -4.162558           18.796940         4795.566182 9.212
-12.375092          -18.950633         3828.522955           23.527782          -39.661232         4710.636231 9.212
4.419956          -21.420120         4175.688772          -29.949552           39.686284         4313.164914 9.212
-24.832071          -21.305288         3867.423985          -31.571354            0.343595         4564.231484 9.212
14.061431          -10.332819         4584.256975            9.707542           25.961063         4751.457115 9.212
-0.881328          -12.136180         3901.939306          -26.531320          -36.888765         4988.027036 9.212
-1.675176          -38.181763         3831.942377           18.259731           20.539907         4584.598727 9.212
-21.496065           32.981027         3972.601739           25.650905           24.214850         4936.482456 9.212
19.428687          -38.669120         4626.632770           29.594247           32.938900         4359.617496 9.212
11.492892           -2.639451         4315.035107           30.582451           13.786538         5112.352423 9.212
-24.198821          -32.946352         4557.445309          -14.649816          -19.244551         4438.896970 9.212
-24.775779           32.631313         4215.765545          -30.136471          -39.869033         4705.670247 9.212
12.187094           19.425876         4213.641187           31.077070            5.151935         5143.465187 9.212
-21.386203          -12.819349         4399.522693          -30.773291          -36.719397         4819.992564 9.212
38.354635           22.321950         4530.650740          -24.237133           -9.063106         4694.106909 9.212
6.675492           31.572231         4382.189966          -18.396497          -26.903506         4704.916560 9.212
23.016470          -19.169070         4368.424445           35.853942          -10.275585         5082.861509 9.212
-38.719806          -31.403104         4328.893225            7.400141           20.934176         5049.747509 9.212
26.047136           19.193534         4133.549897           18.759294          -38.924376         4336.394686 9.212
15.646722          -13.360966         4114.497296           34.027249          -25.572515         4456.797210 9.212
7.615074          -10.037641         4253.542005           24.535152          -27.320880         4433.790541 9.212
32.077447          -10.558058         3847.569474          -15.402851           15.638125         4712.679790 9.212
-16.978080           19.633934         4520.833168           20.041615          -30.674578         4715.157180 9.212
32.744383          -18.868591         4163.697172            0.806402           15.422282         4980.546436 9.212
-20.646327           27.877530         4006.404290           10.072675            5.881116         4849.348125 9.212
17.022228           37.687238         4203.914294           19.439704           -0.751002         4897.129936 9.212
25.972327           19.785062         4440.586152           30.217940            5.330680         4749.318236 9.212
-33.323567           -3.589666         4078.324094          -23.454475          -20.726350         4772.803383 9.212
3.456963          -36.181423         4562.514183           26.738298          -11.786184         4890.617222 9.212
37.077276           17.698468         4444.508352          -22.460133          -30.648085         4676.772052 9.212
36.535167           -4.141209         4637.685367           23.679744          -30.865328         5083.349481 9.212
