1.7569116603e-02 -1.8060863054e+00 4.8299778285e+00 5.1566406217e+00 0.0000000000e+00 9.6004250842e-02 1.3071092885e+00 4.5183686260e+00 4.7046154795e+00 0.0000000000e+00 1.0000000000e+00
-8.7195670431e-02 -1.8751096087e+00 4.9559081046e+00 5.2994966300e+00 0.0000000000e+00 2.5832741694e-01 1.2455155585e+00 4.1646771937e+00 4.3546042817e+00 0.0000000000e+00 1.0000000000e+00
-1.1709919003e-01 -1.6643086809e+00 4.6001383040e+00 4.8933534803e+00 0.0000000000e+00 2.8066119383e-01 1.4085742411e+00 4.5684169800e+00 4.7888710634e+00 0.0000000000e+00 1.0000000000e+00
-2.0795381381e-01 -1.4595500613e+00 4.4407531846e+00 4.6790832732e+00 0.0000000000e+00 2.5676196580e-01 1.6037315469e+00 5.2966105836e+00 5.5400329888e+00 0.0000000000e+00 1.0000000000e+00
-2.2229667974e-01 -1.6888464218e+00 5.2710307413e+00 5.5394389054e+00 0.0000000000e+00 1.6944924057e-01 1.3973106299e+00 4.2825194081e+00 4.5079000414e+00 0.0000000000e+00 1.0000000000e+00
-4.1461370575e-01 -1.4584025011e+00 4.3617630674e+00 4.6177721574e+00 0.0000000000e+00 2.4101129292e-01 1.5682232674e+00 4.8022131095e+00 5.0575351378e+00 0.0000000000e+00 1.0000000000e+00
-2.6446942625e-01 -1.5796588371e+00 4.3012691583e+00 4.5897911447e+00 0.0000000000e+00 2.1560603292e-01 1.4633991103e+00 5.0095559247e+00 5.2233776181e+00 0.0000000000e+00 1.0000000000e+00
1.5106211567e-01 -1.5272067418e+00 4.1484990502e+00 4.4232595250e+00 0.0000000000e+00 -1.4195677230e-02 1.5465376576e+00 5.2735860041e+00 5.4956973941e+00 0.0000000000e+00 1.0000000000e+00
-2.7235627255e-01 -1.5485458827e+00 4.4360079647e+00 4.7064146879e+00 0.0000000000e+00 -6.0796084207e-02 1.5280713636e+00 5.2397465354e+00 5.4583552718e+00 0.0000000000e+00 1.0000000000e+00
3.5974754050e-01 -1.7263230737e+00 4.8378804084e+00 5.1492423476e+00 0.0000000000e+00 -3.0743565898e-02 1.3619336919e+00 4.4267600081e+00 4.6316317835e+00 0.0000000000e+00 1.0000000000e+00
-2.6734848966e-01 -1.5382232208e+00 4.1293093729e+00 4.4146123330e+00 0.0000000000e+00 -6.3994090709e-02 1.5486044779e+00 4.5276971369e+00 4.7856360807e+00 0.0000000000e+00 1.0000000000e+00
4.3985189014e-01 -1.6208167834e+00 4.9695925805e+00 5.2456998969e+00 0.0000000000e+00 -2.2569822128e-01 1.4107499542e+00 4.6578594289e+00 4.8720437027e+00 0.0000000000e+00 1.0000000000e+00
1.0663982934e-01 -1.6759936225e+00 5.2149221240e+00 5.4786622178e+00 0.0000000000e+00 1.0237380908e-01 1.4304557575e+00 4.3578132331e+00 4.5877249816e+00 0.0000000000e+00 1.0000000000e+00
1.8128576507e-01 -1.5908551882e+00 4.3668186152e+00 4.6511063026e+00 0.0000000000e+00 2.0475277881e-01 1.4866292038e+00 5.2220918354e+00 5.4334366186e+00 0.0000000000e+00 1.0000000000e+00
-7.1891829181e-03 -1.7507272485e+00 4.7437565983e+00 5.0565130780e+00 0.0000000000e+00 2.0792704256e-01 1.3578136847e+00 4.1357000602e+00 4.3578557693e+00 0.0000000000e+00 1.0000000000e+00
-2.9472770514e-01 -1.5293732024e+00 4.7578619079e+00 5.0063057246e+00 0.0000000000e+00 1.8043709052e-02 1.5508629750e+00 4.5100292980e+00 4.7692626341e+00 0.0000000000e+00 1.0000000000e+00
-3.2174635195e-01 -1.4209048376e+00 3.9794106401e+00 4.2377117146e+00 0.0000000000e+00 3.0193817594e-01 1.6171727579e+00 4.7674514907e+00 5.0433132333e+00 0.0000000000e+00 1.0000000000e+00
3.2547598564e-01 -1.4519320642e+00 4.3445759884e+00 4.5923177281e+00 0.0000000000e+00 -2.0100304012e-01 1.6019885002e+00 4.9028488973e+00 5.1618501477e+00 0.0000000000e+00 1.0000000000e+00
-7.9032669404e-03 -1.5543031259e+00 4.1796465058e+00 4.4593010488e+00 0.0000000000e+00 -7.4396789118e-02 1.5134183490e+00 5.4310074522e+00 5.6384228458e+00 0.0000000000e+00 1.0000000000e+00
-4.1075023386e-01 -1.5505526646e+00 4.0609363356e+00 4.3662493634e+00 0.0000000000e+00 2.1450661828e-01 1.4574325817e+00 4.9453457129e+00 5.1600937298e+00 0.0000000000e+00 1.0000000000e+00
-2.9503618243e-01 -1.7370068374e+00 4.6774106685e+00 4.9982406830e+00 0.0000000000e+00 -2.3343342163e-01 1.3695217219e+00 4.4395951665e+00 4.6518906277e+00 0.0000000000e+00 1.0000000000e+00
-1.8926399080e-01 -1.6439726036e+00 4.5417677689e+00 4.8338516224e+00 0.0000000000e+00 2.2436315337e-01 1.4290094456e+00 4.3732662184e+00 4.6062853253e+00 0.0000000000e+00 1.0000000000e+00
2.4105728305e-01 -1.7691274949e+00 4.8441020595e+00 5.1626781549e+00 0.0000000000e+00 2.4372542881e-01 1.3520871830e+00 4.0851226820e+00 4.3099616499e+00 0.0000000000e+00 1.0000000000e+00
2.7328059015e-01 -1.5396246237e+00 4.4034196975e+00 4.6728183740e+00 0.0000000000e+00 7.2501917044e-02 1.5496357158e+00 4.6281933380e+00 4.8812704509e+00 0.0000000000e+00 1.0000000000e+00
4.6778149214e-01 -1.4403334803e+00 4.6983081807e+00 4.9363427840e+00 0.0000000000e+00 -2.0574801356e-01 1.5826286387e+00 4.7061185480e+00 4.9693659255e+00 0.0000000000e+00 1.0000000000e+00
2.2789368940e-01 -1.4484374037e+00 4.1338753952e+00 4.3862093532e+00 0.0000000000e+00 9.6425749757e-02 1.6400233116e+00 5.5131095350e+00 5.7526821044e+00 0.0000000000e+00 1.0000000000e+00
-1.6898431681e-01 -1.4205060438e+00 4.2647067981e+00 4.4982349266e+00 0.0000000000e+00 -8.7492637843e-03 1.6824787409e+00 5.0662901164e+00 5.3383618337e+00 0.0000000000e+00 1.0000000000e+00
4.9034032131e-01 -1.4898771033e+00 4.6973981732e+00 4.9523446237e+00 0.0000000000e+00 -2.3425955456e-01 1.5190057932e+00 4.9790534873e+00 5.2108761287e+00 0.0000000000e+00 1.0000000000e+00
-3.2143064851e-01 -1.3886438928e+00 4.0254720405e+00 4.2703717558e+00 0.0000000000e+00 2.7315843005e-01 1.6570481125e+00 5.2902314599e+00 5.5504029706e+00 0.0000000000e+00 1.0000000000e+00
1.7534309877e-01 -1.5387945401e+00 4.2678287996e+00 4.5401538259e+00 0.0000000000e+00 1.0869752056e-01 1.5532429510e+00 4.7868204917e+00 5.0336894517e+00 0.0000000000e+00 1.0000000000e+00
-1.1493650266e-01 -1.5748111041e+00 4.3718124519e+00 4.6482238316e+00 0.0000000000e+00 -2.2341681768e-01 1.5060551828e+00 5.1690616880e+00 5.3886284232e+00 0.0000000000e+00 1.0000000000e+00
-1.0553720244e-01 -1.5978075570e+00 4.7130049170e+00 4.9776041124e+00 0.0000000000e+00 -1.4143650100e-01 1.4944889633e+00 5.0354451750e+00 5.2544466804e+00 0.0000000000e+00 1.0000000000e+00
2.8587549105e-01 -1.5233363683e+00 4.5923048804e+00 4.8468074918e+00 0.0000000000e+00 -3.4981527565e-02 1.5556765037e+00 4.8925524333e+00 5.1340454483e+00 0.0000000000e+00 1.0000000000e+00
1.9786655035e-01 -1.6682517791e+00 4.5028724597e+00 4.8060457571e+00 0.0000000000e+00 1.9213460559e-01 1.4336078948e+00 4.3066982406e+00 4.5431043681e+00 0.0000000000e+00 1.0000000000e+00
-1.0887874288e-01 -1.4535433713e+00 4.3603728288e+00 4.5975530861e+00 0.0000000000e+00 -1.5963032925e-01 1.6493783686e+00 4.9529658051e+00 5.2228154642e+00 0.0000000000e+00 1.0000000000e+00
3.6204754294e-01 -1.7417634146e+00 4.6520716846e+00 4.9806213905e+00 0.0000000000e+00 -1.1062229081e-01 1.3154801040e+00 4.7962716523e+00 4.9746303600e+00 0.0000000000e+00 1.0000000000e+00
1.1996847555e-01 -1.5409569441e+00 4.2270335615e+00 4.5007503519e+00 0.0000000000e+00 8.3281980103e-02 1.5331410306e+00 5.4148890398e+00 5.6283639614e+00 0.0000000000e+00 1.0000000000e+00
2.4405168823e-01 -1.8754578519e+00 4.8833782582e+00 5.2368203000e+00 0.0000000000e+00 1.9669124890e-02 1.2686836826e+00 3.7729652574e+00 3.9806045088e+00 0.0000000000e+00 1.0000000000e+00
-2.7381747840e-01 -1.3572784650e+00 4.2913802964e+00 4.5092267577e+00 0.0000000000e+00 -3.1885569247e-02 1.7505674620e+00 5.1115689573e+00 5.4031139720e+00 0.0000000000e+00 1.0000000000e+00
-1.7423549952e-01 -1.7013617118e+00 4.8837633453e+00 5.1745661033e+00 0.0000000000e+00 2.5692223940e-01 1.3721046621e+00 4.6923955429e+00 4.8956364686e+00 0.0000000000e+00 1.0000000000e+00
-1.6767229487e-01 -1.4669741548e+00 4.5775287796e+00 4.8097710090e+00 0.0000000000e+00 2.9684429690e-01 1.5979335473e+00 5.2476382076e+00 5.4935612472e+00 0.0000000000e+00 1.0000000000e+00
-3.4498540969e-01 -1.6663787854e+00 4.5451319089e+00 4.8532522621e+00 0.0000000000e+00 9.9631774693e-02 1.4097796916e+00 4.0895251085e+00 4.3268488700e+00 0.0000000000e+00 1.0000000000e+00
5.2974645706e-01 -1.7109247633e+00 4.9762769449e+00 5.2887831632e+00 0.0000000000e+00 2.3161304287e-02 1.3713426748e+00 4.0757258168e+00 4.3003091020e+00 0.0000000000e+00 1.0000000000e+00
5.0355955753e-02 -1.5155100328e+00 4.2429869020e+00 4.5058012044e+00 0.0000000000e+00 -6.6795813002e-02 1.5634081239e+00 5.4293749143e+00 5.6503821874e+00 0.0000000000e+00 1.0000000000e+00
-3.2716464466e-01 -1.5334053056e+00 4.7076696780e+00 4.9619071530e+00 0.0000000000e+00 2.2193459133e-01 1.5145070512e+00 4.6966773724e+00 4.9398142852e+00 0.0000000000e+00 1.0000000000e+00
-4.2794133070e-01 -1.7428533692e+00 5.2702338074e+00 5.5674084002e+00 0.0000000000e+00 5.5059188494e-02 1.3483842586e+00 3.9644651029e+00 4.1878580965e+00 0.0000000000e+00 1.0000000000e+00
1.6830686601e-01 -1.6412923674e+00 4.2849915453e+00 4.5916577225e+00 0.0000000000e+00 9.0320470809e-02 1.4377922093e+00 4.8655840324e+00 5.0743780369e+00 0.0000000000e+00 1.0000000000e+00
-4.5920129694e-01 -1.5796132066e+00 4.5149047405e+00 4.8052480468e+00 0.0000000000e+00 2.3992729646e-01 1.4166688976e+00 5.2115759958e+00 5.4060189136e+00 0.0000000000e+00 1.0000000000e+00
8.5677981664e-02 -1.8602818253e+00 4.9170829911e+00 5.2579173242e+00 0.0000000000e+00 -1.2664625705e-01 1.2684147687e+00 4.1893645555e+00 4.3790057022e+00 0.0000000000e+00 1.0000000000e+00
-2.8216767991e-01 -1.6672310872e+00 4.5942484761e+00 4.8955487352e+00 0.0000000000e+00 2.3832684147e-01 1.3880040448e+00 4.5569884981e+00 4.7696435239e+00 0.0000000000e+00 1.0000000000e+00
1.2190254534e-01 -1.4949305681e+00 4.4593124107e+00 4.7048002159e+00 0.0000000000e+00 -1.9463632564e-01 1.5864399429e+00 4.9990704216e+00 5.2483693022e+00 0.0000000000e+00 1.0000000000e+00
-2.0910595336e-01 -1.5520129119e+00 4.7548230926e+00 5.0060775345e+00 0.0000000000e+00 1.8420633489e-01 1.5171206204e+00 5.0824720040e+00 5.3072694376e+00 0.0000000000e+00 1.0000000000e+00
-4.6088363945e-01 -1.5922244941e+00 4.9561870232e+00 5.2260293377e+00 0.0000000000e+00 2.4156665856e-01 1.4298501792e+00 4.5996263026e+00 4.8227988108e+00 0.0000000000e+00 1.0000000000e+00
1.3545660514e-01 -1.4582677109e+00 4.4797861788e+00 4.7131070089e+00 0.0000000000e+00 -3.0182940874e-01 1.6125186511e+00 4.9150161862e+00 5.1815732905e+00 0.0000000000e+00 1.0000000000e+00
-1.8122924508e-01 -1.5464866429e+00 4.6735845684e+00 4.9261402695e+00 0.0000000000e+00 2.3772164276e-01 1.5209029896e+00 4.8870392587e+00 5.1237496485e+00 0.0000000000e+00 1.0000000000e+00
4.8566208066e-01 -1.7190150495e+00 4.4728740668e+00 4.8163765504e+00 0.0000000000e+00 6.7251020650e-04 1.3573789265e+00 4.0999686799e+00 4.3188217652e+00 0.0000000000e+00 1.0000000000e+00
3.7455261523e-01 -1.4446080379e+00 4.0955407189e+00 4.3589719070e+00 0.0000000000e+00 -2.9351027754e-01 1.5733738069e+00 5.1014799810e+00 5.3466579914e+00 0.0000000000e+00 1.0000000000e+00
2.3131844333e-01 -1.5050512471e+00 4.5846090775e+00 4.8308723988e+00 0.0000000000e+00 1.0211215044e-01 1.5899474206e+00 4.8395456478e+00 5.0950527014e+00 0.0000000000e+00 1.0000000000e+00
1.9849563090e-01 -1.4946106362e+00 4.1058316486e+00 4.3739130372e+00 0.0000000000e+00 -3.1065653149e-01 1.5345941383e+00 5.5958137659e+00 5.8107330530e+00 0.0000000000e+00 1.0000000000e+00
2.6764844647e-02 -1.5776625539e+00 4.5360970750e+00 4.8026984525e+00 0.0000000000e+00 1.7363997993e-02 1.5050512554e+00 5.3226518032e+00 5.5313744467e+00 0.0000000000e+00 1.0000000000e+00
-2.1592222578e-01 -1.4947370319e+00 4.7959572173e+00 5.0281275931e+00 0.0000000000e+00 1.9840921358e-01 1.5752180316e+00 4.9580847255e+00 5.2060812969e+00 0.0000000000e+00 1.0000000000e+00
2.0121837157e-01 -1.4642691942e+00 4.2970876603e+00 4.5441760230e+00 0.0000000000e+00 -1.0449549348e-02 1.6214942460e+00 5.4412295639e+00 5.6777048366e+00 0.0000000000e+00 1.0000000000e+00
1.3826265301e-01 -1.5433363708e+00 4.9024387327e+00 5.1414890357e+00 0.0000000000e+00 2.4507054603e-01 1.5505876986e+00 4.6840965327e+00 4.9401561081e+00 0.0000000000e+00 1.0000000000e+00
4.4092713782e-01 -1.5946682089e+00 4.3516558607e+00 4.6555657474e+00 0.0000000000e+00 9.2889952599e-02 1.4761299817e+00 4.6567175008e+00 4.8859601318e+00 0.0000000000e+00 1.0000000000e+00
2.6335950408e-01 -1.5117775017e+00 3.9926843234e+00 4.2774242028e+00 0.0000000000e+00 -3.4230010056e-01 1.4857767542e+00 5.5446826905e+00 5.7504963544e+00 0.0000000000e+00 1.0000000000e+00
1.8761204825e-01 -1.5491767512e+00 4.0536714010e+00 4.3436619315e+00 0.0000000000e+00 3.2113148440e-01 1.5228033406e+00 5.1884260551e+00 5.4168090824e+00 0.0000000000e+00 1.0000000000e+00
-3.1080172178e-03 -1.7157240025e+00 4.5782651163e+00 4.8891952558e+00 0.0000000000e+00 1.4452901802e-01 1.3832463169e+00 4.4530628550e+00 4.6651932502e+00 0.0000000000e+00 1.0000000000e+00
-3.1521299223e-01 -1.8032821544e+00 4.7658010564e+00 5.1052958513e+00 0.0000000000e+00 -1.2559958940e-01 1.3123862412e+00 4.2996966704e+00 4.4972796913e+00 0.0000000000e+00 1.0000000000e+00
-2.9447689786e-02 -1.4650391674e+00 4.0356505560e+00 4.2934464710e+00 0.0000000000e+00 -4.3088326518e-02 1.6323404295e+00 5.0108483492e+00 5.2701986036e+00 0.0000000000e+00 1.0000000000e+00
-1.0893487904e-01 -1.6815963100e+00 4.4402635179e+00 4.7492708206e+00 0.0000000000e+00 5.6799364234e-02 1.3862752154e+00 5.1131031121e+00 5.2980004564e+00 0.0000000000e+00 1.0000000000e+00
3.1888565603e-01 -1.5786040821e+00 4.8404559807e+00 5.1013423010e+00 0.0000000000e+00 -1.7310625426e-01 1.4813047047e+00 4.4849668799e+00 4.7264318019e+00 0.0000000000e+00 1.0000000000e+00
-1.1901426517e-02 -1.5381288117e+00 4.3201969977e+00 4.5858569805e+00 0.0000000000e+00 1.1055990063e-01 1.5488385773e+00 5.0532461224e+00 5.2864374643e+00 0.0000000000e+00 1.0000000000e+00
3.4745613755e-02 -1.6001166437e+00 4.4462686444e+00 4.7255566498e+00 0.0000000000e+00 1.6495442191e-01 1.4879895888e+00 4.8297383446e+00 5.0564509011e+00 0.0000000000e+00 1.0000000000e+00
-2.4649780283e-02 -1.3866305586e+00 4.0987877736e+00 4.3270559729e+00 0.0000000000e+00 -8.7820645124e-02 1.7284507804e+00 5.2473435462e+00 5.5253840699e+00 0.0000000000e+00 1.0000000000e+00
-3.8840015376e-01 -1.5539804113e+00 4.1608379929e+00 4.4585067974e+00 0.0000000000e+00 1.8565538629e-01 1.4858419486e+00 4.3957499122e+00 4.6437928217e+00 0.0000000000e+00 1.0000000000e+00
2.2243986582e-01 -1.5633486071e+00 4.8452514392e+00 5.0960769354e+00 0.0000000000e+00 -2.6633281383e-01 1.4948345871e+00 4.8415606563e+00 5.0740687283e+00 0.0000000000e+00 1.0000000000e+00
-3.1043492907e-01 -1.5372149194e+00 4.8816071868e+00 5.1273276218e+00 0.0000000000e+00 2.9509249665e-02 1.5406491050e+00 4.6263800152e+00 4.8762549940e+00 0.0000000000e+00 1.0000000000e+00
-1.9691155722e-01 -1.5287661218e+00 4.6392750531e+00 4.8886371614e+00 0.0000000000e+00 2.2684033031e-01 1.5388150882e+00 4.5600376738e+00 4.8180236881e+00 0.0000000000e+00 1.0000000000e+00
-4.0117841009e-01 -1.4365594273e+00 4.5070247508e+00 4.7474118707e+00 0.0000000000e+00 8.7245773396e-02 1.6243751084e+00 4.7965161718e+00 5.0648567566e+00 0.0000000000e+00 1.0000000000e+00
3.2029860576e-02 -1.5362647413e+00 4.2605937160e+00 4.5292156430e+00 0.0000000000e+00 1.0223141035e-01 1.5352221824e+00 5.5622669253e+00 5.7711499738e+00 0.0000000000e+00 1.0000000000e+00
-1.2494009499e-01 -1.4933266714e+00 4.2056352415e+00 4.4646391366e+00 0.0000000000e+00 2.8239258076e-01 1.5781097606e+00 4.6465334160e+00 4.9153279680e+00 0.0000000000e+00 1.0000000000e+00
1.3624909957e-01 -1.6749199804e+00 5.2297844491e+00 5.4931381198e+00 0.0000000000e+00 1.3297874295e-01 1.4314042511e+00 4.3977379168e+00 4.6267375679e+00 0.0000000000e+00 1.0000000000e+00
4.4278967925e-01 -1.5517995578e+00 4.7245621836e+00 4.9925577268e+00 0.0000000000e+00 6.2029135852e-02 1.5218125311e+00 4.7182087117e+00 4.9579486385e+00 0.0000000000e+00 1.0000000000e+00
7.7793239879e-02 -1.5595937743e+00 4.1967810414e+00 4.4778740379e+00 0.0000000000e+00 2.7073953667e-01 1.5067271052e+00 5.3622580332e+00 5.5764987171e+00 0.0000000000e+00 1.0000000000e+00
-3.8090224346e-01 -1.6905474967e+00 4.4662538765e+00 4.7906639736e+00 0.0000000000e+00 3.2487111744e-02 1.3906709144e+00 4.1318288875e+00 4.3597054054e+00 0.0000000000e+00 1.0000000000e+00
2.2887769354e-01 -1.5201822260e+00 4.5031196499e+00 4.7583007304e+00 0.0000000000e+00 4.8929522357e-02 1.5656176334e+00 5.2276007719e+00 5.4572303198e+00 0.0000000000e+00 1.0000000000e+00
4.1876697614e-01 -1.6891501152e+00 4.8768153152e+00 5.1780229597e+00 0.0000000000e+00 -5.2638161939e-02 1.3862598466e+00 4.4149506732e+00 4.6277723416e+00 0.0000000000e+00 1.0000000000e+00
6.9289250266e-02 -1.5264018989e+00 4.4755563704e+00 4.7291974840e+00 0.0000000000e+00 8.8987549017e-02 1.5658230470e+00 5.1695484925e+00 5.4022173665e+00 0.0000000000e+00 1.0000000000e+00
3.2789442103e-01 -1.4951739906e+00 4.1143048117e+00 4.3898250943e+00 0.0000000000e+00 -1.4236083363e-01 1.5514011151e+00 5.1321198552e+00 5.3633726792e+00 0.0000000000e+00 1.0000000000e+00
3.8219550285e-01 -1.5380858710e+00 4.1319029316e+00 4.4254269451e+00 0.0000000000e+00 6.9549355516e-02 1.5273462853e+00 4.9370427168e+00 5.1683667475e+00 0.0000000000e+00 1.0000000000e+00
3.3793446269e-02 -1.7080449347e+00 4.8231529592e+00 5.1167728330e+00 0.0000000000e+00 -1.6659069514e-01 1.3854175411e+00 4.7699495659e+00 4.9698645198e+00 0.0000000000e+00 1.0000000000e+00
-1.8568932022e-01 -1.8245016838e+00 5.0523744336e+00 5.3749208921e+00 0.0000000000e+00 -1.8610609499e-02 1.3109649132e+00 3.7946060587e+00 4.0147242446e+00 0.0000000000e+00 1.0000000000e+00
7.0547089398e-02 -1.6441986370e+00 4.9343386522e+00 5.2015444096e+00 0.0000000000e+00 -5.3562889930e-02 1.4527138867e+00 4.8143889410e+00 5.0290742444e+00 0.0000000000e+00 1.0000000000e+00
-1.4527538131e-01 -1.4216332252e+00 4.2075569693e+00 4.4436113551e+00 0.0000000000e+00 1.9698339485e-01 1.6661733912e+00 5.0524784896e+00 5.3237651503e+00 0.0000000000e+00 1.0000000000e+00
6.5146491838e-02 -1.7122189733e+00 4.8088033811e+00 5.1049513316e+00 0.0000000000e+00 7.3961420073e-02 1.3914501164e+00 4.6230902942e+00 4.8285161124e+00 0.0000000000e+00 1.0000000000e+00
4.2550153576e-02 -1.5614113435e+00 4.2390678386e+00 4.5176888229e+00 0.0000000000e+00 2.1014945317e-01 1.5298536490e+00 4.4415484909e+00 4.7023364659e+00 0.0000000000e+00 1.0000000000e+00
3.9987377053e-01 -1.8285330036e+00 4.9108160941e+00 5.2554302344e+00 0.0000000000e+00 -2.5250908765e-02 1.2776318758e+00 4.2230842117e+00 4.4121900842e+00 0.0000000000e+00 1.0000000000e+00
-1.3648169680e-01 -1.8930007570e+00 5.2068360717e+00 5.5419510335e+00 0.0000000000e+00 1.2033744799e-01 1.2540613110e+00 3.8761034177e+00 4.0756997974e+00 0.0000000000e+00 1.0000000000e+00
2.4305675684e-02 -1.6791789410e+00 4.6322323215e+00 4.9272516907e+00 0.0000000000e+00 2.6442016351e-01 1.4151733487e+00 4.3245569716e+00 4.5578972006e+00 0.0000000000e+00 1.0000000000e+00
-1.9046815401e-01 -1.3899764934e+00 4.0129032548e+00 4.2510828695e+00 0.0000000000e+00 2.6164324126e-01 1.6855183660e+00 5.3656026552e+00 5.6301972846e+00 0.0000000000e+00 1.0000000000e+00
1.5156557741e-01 -1.5320668379e+00 4.2823683592e+00 4.5507010389e+00 0.0000000000e+00 -1.0270646715e-02 1.5360882150e+00 5.5664698932e+00 5.7745354639e+00 0.0000000000e+00 1.0000000000e+00
-2.4259964876e-01 -1.5115345267e+00 4.4384465130e+00 4.6950398215e+00 0.0000000000e+00 3.0662498905e-01 1.5302849874e+00 5.1611482292e+00 5.3919608986e+00 0.0000000000e+00 1.0000000000e+00
-2.7368696957e-01 -1.7575751190e+00 4.9948621495e+00 5.3021338166e+00 0.0000000000e+00 2.1330654659e-01 1.3258163157e+00 4.2950206046e+00 4.5000545375e+00 0.0000000000e+00 1.0000000000e+00
3.2452121480e-01 -1.5939776332e+00 4.1919588409e+00 4.4965095240e+00 0.0000000000e+00 9.7005917522e-02 1.4571234298e+00 5.3145681208e+00 5.5115563510e+00 0.0000000000e+00 1.0000000000e+00
-1.2057948671e-01 -1.8317991875e+00 4.8429959775e+00 5.1792507156e+00 0.0000000000e+00 5.7434297060e-02 1.2942247993e+00 4.1437983412e+00 4.3415874382e+00 0.0000000000e+00 1.0000000000e+00
4.6880344675e-01 -1.5308337893e+00 4.8089293763e+00 5.0684347455e+00 0.0000000000e+00 -1.3088870577e-01 1.5087036593e+00 4.5485682808e+00 4.7940371558e+00 0.0000000000e+00 1.0000000000e+00
2.7927449246e-01 -1.7719618382e+00 5.2550274303e+00 5.5527611647e+00 0.0000000000e+00 1.9239880449e-02 1.3462597586e+00 3.9075675589e+00 4.1330218968e+00 0.0000000000e+00 1.0000000000e+00
1.4301196098e-01 -1.6864961752e+00 4.9136744547e+00 5.1970105521e+00 0.0000000000e+00 -2.6503929158e-01 1.3945899583e+00 4.3411429055e+00 4.5673459432e+00 0.0000000000e+00 1.0000000000e+00
3.0218902974e-01 -1.5738378921e+00 4.6306653812e+00 4.9001373505e+00 0.0000000000e+00 -1.0139933791e-01 1.4950719385e+00 4.7739229609e+00 5.0035849772e+00 0.0000000000e+00 1.0000000000e+00
-3.8556221758e-02 -1.6604518280e+00 4.6790046776e+00 4.9650450037e+00 0.0000000000e+00 1.2813222092e-01 1.4331191096e+00 4.6624862986e+00 4.8794494560e+00 0.0000000000e+00 1.0000000000e+00
5.9309195366e-02 -1.4913158986e+00 4.1607617163e+00 4.4203482908e+00 0.0000000000e+00 -1.1098258516e-01 1.5999580433e+00 4.9042221359e+00 5.1598040558e+00 0.0000000000e+00 1.0000000000e+00
2.2508515303e-01 -1.6345313247e+00 4.3699771071e+00 4.6710872563e+00 0.0000000000e+00 1.4686473223e-01 1.4422784931e+00 5.0305234073e+00 5.2352557257e+00 0.0000000000e+00 1.0000000000e+00
-3.8720221527e-01 -1.6489069226e+00 4.4813908062e+00 4.7907915226e+00 0.0000000000e+00 6.8359376842e-02 1.4203218284e+00 4.2912632267e+00 4.5207220046e+00 0.0000000000e+00 1.0000000000e+00
-2.5145944202e-01 -1.6697524962e+00 4.8926906649e+00 5.1758793893e+00 0.0000000000e+00 1.9723258978e-01 1.4061236101e+00 4.1927838345e+00 4.4266828264e+00 0.0000000000e+00 1.0000000000e+00
-2.8670253636e-01 -1.5931945316e+00 4.5156043032e+00 4.7969938132e+00 0.0000000000e+00 2.3927157326e-01 1.4534347483e+00 4.8111595431e+00 5.0315981421e+00 0.0000000000e+00 1.0000000000e+00
-4.0213615553e-02 -1.4952241971e+00 4.0685972378e+00 4.3348352078e+00 0.0000000000e+00 -2.3695187566e-01 1.5711816273e+00 5.6630691179e+00 5.8817607901e+00 0.0000000000e+00 1.0000000000e+00
1.0748819479e-02 -1.5331289210e+00 4.3561869896e+00 4.6181127286e+00 0.0000000000e+00 -7.5543450156e-02 1.5468584060e+00 5.4401356325e+00 5.6562844432e+00 0.0000000000e+00 1.0000000000e+00
-2.1266608557e-01 -1.4698376548e+00 4.1414163601e+00 4.3996567280e+00 0.0000000000e+00 -1.8314230731e-01 1.6300952857e+00 4.7884618130e+00 5.0616320037e+00 0.0000000000e+00 1.0000000000e+00
-2.4154827245e-01 -1.6149141922e+00 4.7749610765e+00 5.0464390375e+00 0.0000000000e+00 1.3668470495e-02 1.4754678903e+00 4.2896758273e+00 4.5363544049e+00 0.0000000000e+00 1.0000000000e+00
-2.8652913670e-01 -1.6254994408e+00 4.2589286036e+00 4.5675836599e+00 0.0000000000e+00 -1.4375769537e-01 1.4505679762e+00 4.8745858278e+00 5.0878680193e+00 0.0000000000e+00 1.0000000000e+00
-4.0850910583e-01 -1.6143278743e+00 4.4822819698e+00 4.7816091531e+00 0.0000000000e+00 1.5332169190e-02 1.4392783521e+00 4.9836942871e+00 5.1873853007e+00 0.0000000000e+00 1.0000000000e+00
-3.9296532896e-01 -1.6751111253e+00 4.4413390703e+00 4.7629730243e+00 0.0000000000e+00 -1.1902101919e-01 1.4009741501e+00 4.7287121827e+00 4.9333167079e+00 0.0000000000e+00 1.0000000000e+00
-4.8357667326e-01 -1.6821472116e+00 4.6380453958e+00 4.9573108633e+00 0.0000000000e+00 1.4336832516e-01 1.3667731201e+00 4.1979728754e+00 4.4171936524e+00 0.0000000000e+00 1.0000000000e+00
-2.0745974095e-01 -1.4566376259e+00 4.0840164084e+00 4.3409702835e+00 0.0000000000e+00 2.8781789361e-01 1.5910212680e+00 5.4324504078e+00 5.6679542614e+00 0.0000000000e+00 1.0000000000e+00
4.5033130304e-01 -1.6123518447e+00 4.5570640968e+00 4.8548233951e+00 0.0000000000e+00 5.9425099997e-03 1.4565371677e+00 4.3910837336e+00 4.6263541208e+00 0.0000000000e+00 1.0000000000e+00
4.1153351312e-03 -1.6149401820e+00 4.4285130141e+00 4.7137857932e+00 0.0000000000e+00 5.0515992246e-02 1.4655907616e+00 5.0984203877e+00 5.3051294854e+00 0.0000000000e+00 1.0000000000e+00
1.0837158638e-01 -1.5377967019e+00 4.6138614433e+00 4.8645946158e+00 0.0000000000e+00 -5.5623799328e-03 1.5567476587e+00 4.5208323037e+00 4.7813616463e+00 0.0000000000e+00 1.0000000000e+00
2.4937351322e-01 -1.8372593819e+00 5.3489855460e+00 5.6612150479e+00 0.0000000000e+00 -4.0435199993e-02 1.2960285989e+00 3.7748644334e+00 3.9913565221e+00 0.0000000000e+00 1.0000000000e+00
2.3253554892e-01 -1.7200597897e+00 5.2636721804e+00 5.5424654754e+00 0.0000000000e+00 1.3930941658e-01 1.3932674372e+00 4.1206789293e+00 4.3520795448e+00 0.0000000000e+00 1.0000000000e+00
-4.7040822145e-01 -1.6837551239e+00 4.7918075624e+00 5.1007582954e+00 0.0000000000e+00 2.6073902977e-01 1.3451158865e+00 4.1860206654e+00 4.4045534237e+00 0.0000000000e+00 1.0000000000e+00
-2.4019196507e-01 -1.6105800708e+00 4.7620565423e+00 5.0327768794e+00 0.0000000000e+00 -5.4418668215e-02 1.4814050132e+00 4.7393754095e+00 4.9658032319e+00 0.0000000000e+00 1.0000000000e+00
1.0645601744e-01 -1.6931840668e+00 4.6689344113e+00 4.9676104885e+00 0.0000000000e+00 1.1185281375e-01 1.4119796648e+00 4.3629466365e+00 4.5871016165e+00 0.0000000000e+00 1.0000000000e+00
1.2647330355e-01 -1.7992424832e+00 5.2810835853e+00 5.5806015004e+00 0.0000000000e+00 -1.0574854855e-01 1.3250062710e+00 3.9836863419e+00 4.1995930166e+00 0.0000000000e+00 1.0000000000e+00
-1.1996788172e-01 -1.6082498019e+00 4.7144189874e+00 4.9826304667e+00 0.0000000000e+00 -3.6132418343e-02 1.4885628111e+00 4.6417162108e+00 4.8746953173e+00 0.0000000000e+00 1.0000000000e+00
8.5687229329e-02 -1.5737749527e+00 4.7980259385e+00 5.0502636635e+00 0.0000000000e+00 -1.7204276697e-01 1.5121912323e+00 4.4323188174e+00 4.6863388052e+00 0.0000000000e+00 1.0000000000e+00
-4.2564601351e-01 -1.5062312903e+00 4.7105199561e+00 4.9637592354e+00 0.0000000000e+00 2.1640268106e-01 1.5233472303e+00 4.7332507737e+00 4.9770553596e+00 0.0000000000e+00 1.0000000000e+00
1.2227355082e-01 -1.7530754761e+00 4.5681595056e+00 4.8945179513e+00 0.0000000000e+00 1.8767839155e-01 1.3340188264e+00 4.8377828349e+00 5.0218495026e+00 0.0000000000e+00 1.0000000000e+00
3.3026827893e-01 -1.4547167257e+00 4.7441792285e+00 4.9731795364e+00 0.0000000000e+00 -2.3402572356e-01 1.5909421052e+00 4.7788205004e+00 5.0421216227e+00 0.0000000000e+00 1.0000000000e+00
2.3681707142e-01 -1.7756327237e+00 5.2237769098e+00 5.5223907286e+00 0.0000000000e+00 -1.8868835733e-01 1.3241836454e+00 4.1278826374e+00 4.3391797557e+00 0.0000000000e+00 1.0000000000e+00
-2.8426808589e-01 -1.5902201908e+00 4.5145515324e+00 4.7948706343e+00 0.0000000000e+00 -1.8324551100e-01 1.5015424313e+00 4.7721182007e+00 5.0061283417e+00 0.0000000000e+00 1.0000000000e+00
2.2873791340e-01 -1.7345889796e+00 5.1598161553e+00 5.4483780136e+00 0.0000000000e+00 -1.4373100367e-01 1.3613500771e+00 4.3527003242e+00 4.5628864775e+00 0.0000000000e+00 1.0000000000e+00
6.4783881532e-02 -1.6229573205e+00 4.3453841445e+00 4.6390247940e+00 0.0000000000e+00 1.0847103362e-01 1.4578136033e+00 4.9744495386e+00 5.1847984475e+00 0.0000000000e+00 1.0000000000e+00
-1.6320847825e-01 -1.3712068417e+00 4.0159734016e+00 4.2467502674e+00 0.0000000000e+00 2.9806760280e-02 1.7405802166e+00 5.0684481423e+00 5.3590740586e+00 0.0000000000e+00 1.0000000000e+00
4.5816177146e-01 -1.7209833343e+00 4.4497930237e+00 4.7929483683e+00 0.0000000000e+00 1.5961535895e-01 1.3772804414e+00 4.0791923216e+00 4.3083858619e+00 0.0000000000e+00 1.0000000000e+00
5.5313880369e-02 -1.4569904134e+00 4.4483477681e+00 4.6812048467e+00 0.0000000000e+00 2.3198657277e-01 1.6406862252e+00 5.2670735470e+00 5.5215698012e+00 0.0000000000e+00 1.0000000000e+00
1.6623491180e-01 -1.6767214741e+00 4.4040166961e+00 4.7153358595e+00 0.0000000000e+00 -2.6453301470e-01 1.3785010004e+00 4.7825894106e+00 4.9843158463e+00 0.0000000000e+00 1.0000000000e+00
2.9522675235e-02 -1.4334277920e+00 4.1996669371e+00 4.4376558527e+00 0.0000000000e+00 -1.1949463338e-01 1.6691156997e+00 4.8381427646e+00 5.1193604930e+00 0.0000000000e+00 1.0000000000e+00
-2.4004013634e-01 -1.6137781153e+00 4.8424791070e+00 5.1099416078e+00 0.0000000000e+00 6.0463711769e-02 1.4725163237e+00 4.4251170101e+00 4.6640777221e+00 0.0000000000e+00 1.0000000000e+00
1.8322687760e-01 -1.5023172375e+00 4.1358538390e+00 4.4040681658e+00 0.0000000000e+00 8.1862066768e-02 1.5808627933e+00 5.2400633575e+00 5.4739467316e+00 0.0000000000e+00 1.0000000000e+00
3.0364788213e-01 -1.7581716744e+00 4.9068088592e+00 5.2211246983e+00 0.0000000000e+00 -8.5006908986e-02 1.3429055357e+00 4.0297806588e+00 4.2485001909e+00 0.0000000000e+00 1.0000000000e+00
2.9043191257e-01 -1.5193219530e+00 4.1393968736e+00 4.4189700871e+00 0.0000000000e+00 -1.3065656233e-01 1.5155479971e+00 5.5397963119e+00 5.7448498943e+00 0.0000000000e+00 1.0000000000e+00
2.8839813462e-01 -1.5352033348e+00 4.5962401227e+00 4.8544254336e+00 0.0000000000e+00 -7.9478664163e-02 1.5397829989e+00 4.6024445987e+00 4.8538381810e+00 0.0000000000e+00 1.0000000000e+00
7.7239405062e-03 -1.4216112782e+00 4.1980263815e+00 4.4322075816e+00 0.0000000000e+00 2.7959762975e-01 1.6741439030e+00 5.3506203505e+00 5.6133832079e+00 0.0000000000e+00 1.0000000000e+00
-4.8813597483e-01 -1.5552067438e+00 4.4327397937e+00 4.7229362780e+00 0.0000000000e+00 1.5639085472e-01 1.4721575574e+00 4.5554413283e+00 4.7899636668e+00 0.0000000000e+00 1.0000000000e+00
3.2217251377e-01 -1.3914311436e+00 4.0538576779e+00 4.2980970312e+00 0.0000000000e+00 -1.6425895477e-01 1.6725259416e+00 5.3675667353e+00 5.6245085962e+00 0.0000000000e+00 1.0000000000e+00
3.5469540184e-01 -1.6805451572e+00 4.4767258568e+00 4.7949051618e+00 0.0000000000e+00 1.1071800580e-02 1.4054847368e+00 4.2454013849e+00 4.4720177895e+00 0.0000000000e+00 1.0000000000e+00
-2.2624777105e-01 -1.4825772343e+00 4.1752038924e+00 4.4363894231e+00 0.0000000000e+00 3.1816958560e-01 1.5507153142e+00 5.4694072300e+00 5.6938884411e+00 0.0000000000e+00 1.0000000000e+00
8.6892967198e-02 -1.3101051221e+00 4.1519431952e+00 4.3546019767e+00 0.0000000000e+00 -2.6178918302e-01 1.8061426672e+00 5.2352124194e+00 5.5441982511e+00 0.0000000000e+00 1.0000000000e+00
1.7699291024e-01 -1.6590052290e+00 4.5637363481e+00 4.8591475133e+00 0.0000000000e+00 2.7396236869e-01 1.4364638027e+00 4.5948273628e+00 4.8219210270e+00 0.0000000000e+00 1.0000000000e+00
2.7052559131e-01 -1.5869480727e+00 4.5420711510e+00 4.8189209251e+00 0.0000000000e+00 1.4064159447e-01 1.5005036272e+00 4.9617075984e+00 5.1855408346e+00 0.0000000000e+00 1.0000000000e+00
4.3566442548e-01 -1.6186030544e+00 4.6379302125e+00 4.9315389338e+00 0.0000000000e+00 -4.0425436502e-03 1.4522116787e+00 4.3989840561e+00 4.6324935067e+00 0.0000000000e+00 1.0000000000e+00
2.3611643876e-02 -1.3839588915e+00 4.2157151130e+00 4.4371335227e+00 0.0000000000e+00 1.5666944784e-01 1.7301056036e+00 5.3664376307e+00 5.6406084619e+00 0.0000000000e+00 1.0000000000e+00
2.0201117578e-01 -1.6562670098e+00 4.5309467306e+00 4.8284063064e+00 0.0000000000e+00 -1.3610816156e-01 1.4035693564e+00 5.1182186163e+00 5.3089259210e+00 0.0000000000e+00 1.0000000000e+00
9.6043586081e-02 -1.6905796894e+00 5.1850152168e+00 5.4545088795e+00 0.0000000000e+00 1.2742989440e-01 1.4174890069e+00 4.2044498306e+00 4.4387962447e+00 0.0000000000e+00 1.0000000000e+00
1.0308534559e-02 -1.3411050575e+00 4.1122814442e+00 4.3254511879e+00 0.0000000000e+00 4.3088679576e-04 1.7875245013e+00 5.3273493686e+00 5.6192433285e+00 0.0000000000e+00 1.0000000000e+00
3.0222332680e-01 -1.6915445608e+00 4.8957030486e+00 5.1885036900e+00 0.0000000000e+00 -4.6944541660e-02 1.3975660564e+00 4.4706624372e+00 4.6842520812e+00 0.0000000000e+00 1.0000000000e+00
2.1861684936e-01 -1.6017794426e+00 4.9535277450e+00 5.2106552459e+00 0.0000000000e+00 -2.6981154636e-01 1.4591698851e+00 4.4746190595e+00 4.7142540251e+00 0.0000000000e+00 1.0000000000e+00
-4.6546674543e-01 -1.6470395772e+00 5.0606472197e+00 5.3422419642e+00 0.0000000000e+00 2.7786466412e-02 1.4238234092e+00 4.1918480915e+00 4.4271475999e+00 0.0000000000e+00 1.0000000000e+00
2.2049967271e-01 -1.5687280812e+00 4.7730940092e+00 5.0291107146e+00 0.0000000000e+00 -4.7484734063e-02 1.5168635587e+00 4.4151739581e+00 4.6687140839e+00 0.0000000000e+00 1.0000000000e+00
2.3858956414e-01 -1.5750132613e+00 4.1141661608e+00 4.4117972769e+00 0.0000000000e+00 -1.4002856632e-01 1.4751371884e+00 5.0192604398e+00 5.2334131642e+00 0.0000000000e+00 1.0000000000e+00
-3.2516146215e-01 -1.6643010540e+00 4.4018333672e+00 4.7171776761e+00 0.0000000000e+00 7.8110459931e-02 1.3803388616e+00 5.0746628492e+00 5.2596235522e+00 0.0000000000e+00 1.0000000000e+00
-3.5870891037e-01 -1.4686473760e+00 4.5973338713e+00 4.8395326410e+00 0.0000000000e+00 -8.3521830084e-02 1.6179113250e+00 4.9516266132e+00 5.2099154820e+00 0.0000000000e+00 1.0000000000e+00
-3.9199115621e-01 -1.6427446896e+00 4.7411696365e+00 5.0329868830e+00 0.0000000000e+00 -1.5869872574e-01 1.4507618241e+00 4.4988685010e+00 4.7296631176e+00 0.0000000000e+00 1.0000000000e+00
1.7065658133e-01 -1.7098470778e+00 4.8567067889e+00 5.1517280395e+00 0.0000000000e+00 -9.5706423879e-02 1.3921208575e+00 4.0678512132e+00 4.3005318224e+00 0.0000000000e+00 1.0000000000e+00
-3.3574150671e-02 -1.5782101296e+00 5.1092317903e+00 5.3475344024e+00 0.0000000000e+00 2.7170319832e-01 1.5009424523e+00 4.4928693499e+00 4.7447366765e+00 0.0000000000e+00 1.0000000000e+00
-2.1024719372e-01 -1.5604570860e+00 4.2584240335e+00 4.5401988624e+00 0.0000000000e+00 3.0295255234e-01 1.4630883818e+00 5.4498119090e+00 5.6509165598e+00 0.0000000000e+00 1.0000000000e+00
1.2891310675e-01 -1.6061656147e+00 4.3785856115e+00 4.6656616668e+00 0.0000000000e+00 1.1571535254e-01 1.4691253065e+00 5.2221089860e+00 5.4260613461e+00 0.0000000000e+00 1.0000000000e+00
-3.5722151528e-02 -1.7785573708e+00 4.9318663501e+00 5.2428854985e+00 0.0000000000e+00 1.2766305459e-02 1.3459029772e+00 4.0431694223e+00 4.2613186975e+00 0.0000000000e+00 1.0000000000e+00
4.0813338958e-02 -1.6783548415e+00 4.9068136723e+00 5.1860737922e+00 0.0000000000e+00 -1.4323361398e-01 1.4182472052e+00 4.7067781747e+00 4.9178960999e+00 0.0000000000e+00 1.0000000000e+00
1.1170787029e-01 -1.5433190413e+00 4.4626988793e+00 4.7233456215e+00 0.0000000000e+00 -1.4912556271e-01 1.5423113110e+00 4.5990033996e+00 4.8530191782e+00 0.0000000000e+00 1.0000000000e+00
-4.4855865310e-01 -1.4850150130e+00 4.3514027340e+00 4.6196515528e+00 0.0000000000e+00 2.9938305216e-01 1.5066800647e+00 5.2321179763e+00 5.4529600960e+00 0.0000000000e+00 1.0000000000e+00
3.6737373503e-01 -1.3105854345e+00 4.0895176197e+00 4.3100756682e+00 0.0000000000e+00 -2.0019831098e-01 1.7616025772e+00 5.3020277950e+00 5.5906012202e+00 0.0000000000e+00 1.0000000000e+00
-3.5712223045e-03 -1.7000090652e+00 4.7572769338e+00 5.0519033701e+00 0.0000000000e+00 -2.6241197467e-01 1.3956547241e+00 4.3657293006e+00 4.5908936756e+00 0.0000000000e+00 1.0000000000e+00
3.6592033055e-01 -1.9007542752e+00 4.9540530907e+00 5.3187786934e+00 0.0000000000e+00 -2.2703657181e-01 1.2097016527e+00 3.7342187163e+00 3.9318333352e+00 0.0000000000e+00 1.0000000000e+00
4.6588100469e-01 -1.5894581321e+00 4.5580029496e+00 4.8496199247e+00 0.0000000000e+00 -1.7251207364e-01 1.4439251576e+00 4.4355464952e+00 4.6678424618e+00 0.0000000000e+00 1.0000000000e+00
2.3086978958e-02 -1.5175569479e+00 4.0023083048e+00 4.2804186859e+00 0.0000000000e+00 -2.8909118916e-01 1.5611505869e+00 4.6115418992e+00 4.8772004080e+00 0.0000000000e+00 1.0000000000e+00
-1.5961374582e-01 -1.6424794364e+00 4.4295010326e+00 4.7269117726e+00 0.0000000000e+00 5.7049725571e-03 1.4511406875e+00 4.4085213778e+00 4.6412178188e+00 0.0000000000e+00 1.0000000000e+00
4.0791848538e-01 -1.5572764031e+00 4.9541086329e+00 5.2090978004e+00 0.0000000000e+00 1.1693417488e-02 1.5145809917e+00 4.4110921153e+00 4.6638853146e+00 0.0000000000e+00 1.0000000000e+00
2.5399809432e-03 -1.7515884442e+00 5.2998058130e+00 5.5817569318e+00 0.0000000000e+00 -6.5261514336e-02 1.3677651555e+00 4.0165074942e+00 4.2435095496e+00 0.0000000000e+00 1.0000000000e+00
-2.3875628106e-01 -1.3830834344e+00 4.0085878550e+00 4.2471992184e+00 0.0000000000e+00 3.5007049218e-02 1.7167039650e+00 5.1597796955e+00 5.4379798422e+00 0.0000000000e+00 1.0000000000e+00
1.9795085080e-01 -1.3588500137e+00 4.0026168730e+00 4.2316190746e+00 0.0000000000e+00 2.9554265803e-01 1.7643147660e+00 5.1920981470e+00 5.4916332257e+00 0.0000000000e+00 1.0000000000e+00
8.9209070229e-02 -1.4795683953e+00 4.6253408620e+00 4.8570422322e+00 0.0000000000e+00 2.8635524869e-01 1.6140169055e+00 4.8458279647e+00 5.1155741441e+00 0.0000000000e+00 1.0000000000e+00
-4.2842802721e-01 -1.4353228036e+00 4.1022545568e+00 4.3671724073e+00 0.0000000000e+00 -1.7470483219e-02 1.6258958788e+00 5.3058265634e+00 5.5493818042e+00 0.0000000000e+00 1.0000000000e+00
1.4326038244e-01 -1.5701173932e+00 4.8836368951e+00 5.1318322020e+00 0.0000000000e+00 2.8950666073e-02 1.5245927419e+00 4.9102945605e+00 5.1416159037e+00 0.0000000000e+00 1.0000000000e+00
8.7384623142e-02 -1.6965569805e+00 4.5650246013e+00 4.8708717425e+00 0.0000000000e+00 -6.6078047059e-02 1.3885228883e+00 4.8450977587e+00 5.0405688837e+00 0.0000000000e+00 1.0000000000e+00
3.0103727181e-01 -1.6189902549e+00 4.2539863110e+00 4.5615954094e+00 0.0000000000e+00 1.3893539188e-01 1.4674571326e+00 4.5487603957e+00 4.7816268024e+00 0.0000000000e+00 1.0000000000e+00
-1.0250313066e-01 -1.7093863554e+00 4.8136079022e+00 5.1091417969e+00 0.0000000000e+00 -2.2034474917e-01 1.3929168668e+00 4.5699815762e+00 4.7826249147e+00 0.0000000000e+00 1.0000000000e+00
3.3705356199e-01 -1.4732209805e+00 4.0981674212e+00 4.3679470732e+00 0.0000000000e+00 2.4334838967e-01 1.6163510438e+00 5.1654032665e+00 5.4178593837e+00 0.0000000000e+00 1.0000000000e+00
2.4523343464e-01 -1.6326919982e+00 4.5234128421e+00 4.8152971455e+00 0.0000000000e+00 -2.4855360927e-01 1.4248511718e+00 4.5460702762e+00 4.7706115935e+00 0.0000000000e+00 1.0000000000e+00
-3.8547066779e-01 -1.6102843163e+00 4.4373662380e+00 4.7362245097e+00 0.0000000000e+00 -3.7198091899e-02 1.4563823013e+00 4.8621028998e+00 5.0756751251e+00 0.0000000000e+00 1.0000000000e+00
-4.0674188590e-01 -1.4985033884e+00 4.0903650749e+00 4.3751614912e+00 0.0000000000e+00 2.2799703326e-01 1.5051337094e+00 5.3025406384e+00 5.5167334188e+00 0.0000000000e+00 1.0000000000e+00
-4.1272007912e-01 -1.5179902021e+00 4.1254869992e+00 4.4152321977e+00 0.0000000000e+00 -6.0256247511e-02 1.5542426520e+00 4.5736040084e+00 4.8308544714e+00 0.0000000000e+00 1.0000000000e+00
-8.5033368932e-02 -1.6997275332e+00 4.4677868271e+00 4.7809438142e+00 0.0000000000e+00 -2.2455895191e-01 1.3751191083e+00 5.0045549682e+00 5.1948965318e+00 0.0000000000e+00 1.0000000000e+00
-1.8672600466e-01 -1.6632118396e+00 4.7100497420e+00 4.9985707015e+00 0.0000000000e+00 2.7264992277e-01 1.3974201116e+00 4.8263997027e+00 5.0320229829e+00 0.0000000000e+00 1.0000000000e+00
4.1142989633e-02 -1.6436696111e+00 5.0592752172e+00 5.3197376365e+00 0.0000000000e+00 -2.6946149640e-01 1.4426807140e+00 4.5377785217e+00 4.7692107642e+00 0.0000000000e+00 1.0000000000e+00
-2.5717599339e-03 -1.4254108078e+00 4.2573052541e+00 4.4895936200e+00 0.0000000000e+00 1.6262977098e-01 1.6780434655e+00 5.0114239525e+00 5.2874047138e+00 0.0000000000e+00 1.0000000000e+00
-5.6670544319e-02 -1.7906266319e+00 4.6709163333e+00 5.0027007645e+00 0.0000000000e+00 2.4571305894e-01 1.2983353808e+00 4.5989397948e+00 4.7850075408e+00 0.0000000000e+00 1.0000000000e+00
1.4923522314e-01 -1.6249855281e+00 4.3281544394e+00 4.6255562077e+00 0.0000000000e+00 -6.6488818204e-03 1.4662906437e+00 4.4450145064e+00 4.6806203310e+00 0.0000000000e+00 1.0000000000e+00
-7.9184559238e-03 -1.6473284522e+00 4.8476019363e+00 5.1198631353e+00 0.0000000000e+00 2.2198478325e-01 1.4461931257e+00 4.4421840589e+00 4.6769382373e+00 0.0000000000e+00 1.0000000000e+00
1.2766528077e-01 -1.5712431231e+00 4.6446138138e+00 4.9048487353e+00 0.0000000000e+00 2.2834075318e-01 1.5211662999e+00 4.9767554791e+00 5.2090480676e+00 0.0000000000e+00 1.0000000000e+00
4.0047607767e-01 -1.5659087241e+00 4.8461386637e+00 5.1085723475e+00 0.0000000000e+00 -4.8214423499e-02 1.5004760808e+00 4.5334627073e+00 4.7755667181e+00 0.0000000000e+00 1.0000000000e+00
-1.3875643194e-01 -1.8573396056e+00 4.9385089680e+00 5.2780521829e+00 0.0000000000e+00 1.9219278734e-01 1.2677006914e+00 3.9761008221e+00 4.1777243948e+00 0.0000000000e+00 1.0000000000e+00
-5.3608211587e-02 -1.6157824855e+00 4.2254047636e+00 4.5241211918e+00 0.0000000000e+00 1.7166013385e-01 1.4622487379e+00 4.7082306189e+00 4.9330593342e+00 0.0000000000e+00 1.0000000000e+00
2.8417348796e-01 -1.6563932663e+00 4.4434635010e+00 4.7506590459e+00 0.0000000000e+00 -9.7588094633e-02 1.4124793486e+00 4.6333806533e+00 4.8448774892e+00 0.0000000000e+00 1.0000000000e+00
1.5860587994e-01 -1.6688338059e+00 4.7592288357e+00 5.0458320888e+00 0.0000000000e+00 1.5471675955e-02 1.4231138662e+00 4.8627802256e+00 5.0667666448e+00 0.0000000000e+00 1.0000000000e+00
-1.0003526228e-01 -1.7570218584e+00 4.8123245756e+00 5.1240219503e+00 0.0000000000e+00 7.9129581090e-02 1.3421117344e+00 4.6869379930e+00 4.8759525644e+00 0.0000000000e+00 1.0000000000e+00
-2.0670262493e-01 -1.7107770207e+00 4.8654231198e+00 5.1615720847e+00 0.0000000000e+00 1.9757301514e-01 1.3626121494e+00 4.8293021630e+00 5.0217433834e+00 0.0000000000e+00 1.0000000000e+00
-1.0602089675e-01 -1.6307521896e+00 4.5200467255e+00 4.8063932212e+00 0.0000000000e+00 8.5716569170e-02 1.4493232433e+00 4.9844087312e+00 5.1915523549e+00 0.0000000000e+00 1.0000000000e+00
-6.6796478234e-02 -1.7013741476e+00 4.8457699996e+00 5.1362070548e+00 0.0000000000e+00 -2.0015234118e-01 1.3995857529e+00 4.6127722880e+00 4.8245797415e+00 0.0000000000e+00 1.0000000000e+00
2.2337721035e-01 -1.4769690199e+00 4.3766127593e+00 4.6245080138e+00 0.0000000000e+00 -3.0383380502e-01 1.5724126319e+00 5.2335758960e+00 5.4731264727e+00 0.0000000000e+00 1.0000000000e+00
-1.2909837061e-01 -1.6684022172e+00 4.4725854196e+00 4.7753798743e+00 0.0000000000e+00 -1.0197003009e-02 1.4078998438e+00 5.0422171942e+00 5.2350969851e+00 0.0000000000e+00 1.0000000000e+00
-6.8062059626e-02 -1.6014720929e+00 4.2832120677e+00 4.5733194931e+00 0.0000000000e+00 -2.9210878118e-02 1.4845052414e+00 4.8147623036e+00 5.0385062656e+00 0.0000000000e+00 1.0000000000e+00
8.7904403340e-02 -1.5645813422e+00 4.4949914218e+00 4.7603140762e+00 0.0000000000e+00 -1.5629388412e-01 1.5100273642e+00 5.2798786525e+00 5.4937900638e+00 0.0000000000e+00 1.0000000000e+00
1.9826695646e-01 -1.4967816158e+00 4.8234686080e+00 5.0542570834e+00 0.0000000000e+00 -2.5922669083e-01 1.5661985183e+00 4.8163024859e+00 5.0711878464e+00 0.0000000000e+00 1.0000000000e+00
1.7400564885e-01 -1.5225682806e+00 4.5518309786e+00 4.8028801415e+00 0.0000000000e+00 -2.0743974757e-02 1.5679894538e+00 4.8253588904e+00 5.0737668376e+00 0.0000000000e+00 1.0000000000e+00
-6.5400104376e-02 -1.4372884950e+00 4.6021700035e+00 4.8218299839e+00 0.0000000000e+00 8.1189311499e-02 1.6607040491e+00 4.8078355570e+00 5.0872205228e+00 0.0000000000e+00 1.0000000000e+00
2.2113287520e-01 -1.5414415436e+00 4.5948025145e+00 4.8515102999e+00 0.0000000000e+00 -1.5905935228e-01 1.5284137827e+00 5.0233668119e+00 5.2531479092e+00 0.0000000000e+00 1.0000000000e+00
1.1378604206e-01 -1.5986711419e+00 4.5698038684e+00 4.8427063033e+00 0.0000000000e+00 -4.9229246314e-02 1.4828693545e+00 5.1431341693e+00 5.3528641292e+00 0.0000000000e+00 1.0000000000e+00
9.5900263779e-02 -1.6636637894e+00 4.5012266769e+00 4.7997933209e+00 0.0000000000e+00 4.0809395954e-02 1.4392083744e+00 4.1846693924e+00 4.4254315424e+00 0.0000000000e+00 1.0000000000e+00
-3.6892689912e-01 -1.6810892351e+00 4.3587036220e+00 4.6861994835e+00 0.0000000000e+00 5.1287364488e-03 1.3983504998e+00 4.2564436911e+00 4.4802593207e+00 0.0000000000e+00 1.0000000000e+00
3.9122289724e-03 -1.5035942479e+00 4.0594048029e+00 4.3289234901e+00 0.0000000000e+00 -1.2370785636e-01 1.5679508494e+00 5.5064291263e+00 5.7266513325e+00 0.0000000000e+00 1.0000000000e+00
1.6165367939e-01 -1.6230050006e+00 4.2463119337e+00 4.5487847216e+00 0.0000000000e+00 -2.4503201025e-01 1.4323218134e+00 4.8065528967e+00 5.0214079174e+00 0.0000000000e+00 1.0000000000e+00
1.9915747342e-01 -1.6998185878e+00 4.6403795284e+00 4.9459245201e+00 0.0000000000e+00 -2.4000863394e-01 1.3676847704e+00 4.6348612825e+00 4.8383990270e+00 0.0000000000e+00 1.0000000000e+00
-1.5569034795e-01 -1.7187081572e+00 4.6246857266e+00 4.9361843103e+00 0.0000000000e+00 2.4099165531e-01 1.3442990989e+00 4.8939257365e+00 5.0809178719e+00 0.0000000000e+00 1.0000000000e+00
-1.7125491798e-01 -1.5368449431e+00 4.6034578598e+00 4.8562377572e+00 0.0000000000e+00 2.3919723137e-01 1.5278176412e+00 5.1802142360e+00 5.4061133777e+00 0.0000000000e+00 1.0000000000e+00
-2.6814777398e-01 -1.6144223557e+00 4.4474595172e+00 4.7390040293e+00 0.0000000000e+00 -2.2543051222e-01 1.4759618246e+00 4.7817159333e+00 5.0094001389e+00 0.0000000000e+00 1.0000000000e+00
-2.7225232571e-01 -1.5934573062e+00 4.2883508903e+00 4.5829227721e+00 0.0000000000e+00 2.0945706643e-01 1.4568964378e+00 4.7106787852e+00 4.9352724719e+00 0.0000000000e+00 1.0000000000e+00
1.0467649924e-01 -1.6408507720e+00 4.5545938873e+00 4.8422798520e+00 0.0000000000e+00 3.5224332622e-02 1.4383526431e+00 5.1729216954e+00 5.3692847017e+00 0.0000000000e+00 1.0000000000e+00
1.6965766449e-01 -1.5636479903e+00 4.6944546458e+00 4.9509275336e+00 0.0000000000e+00 2.0221380041e-01 1.5327091393e+00 4.4422969814e+00 4.7036252464e+00 0.0000000000e+00 1.0000000000e+00
-3.7860770682e-01 -1.6068853255e+00 4.5249873337e+00 4.8167348771e+00 0.0000000000e+00 -1.5623357591e-01 1.4835396815e+00 4.4539031260e+00 4.6970791172e+00 0.0000000000e+00 1.0000000000e+00
-9.0897291593e-02 -1.5446727649e+00 4.6859105064e+00 4.9347779893e+00 0.0000000000e+00 -1.8953870984e-01 1.5504723221e+00 4.8548248420e+00 5.0999229261e+00 0.0000000000e+00 1.0000000000e+00
-5.3236103282e-01 -1.8730635055e+00 4.9505642038e+00 5.3197614008e+00 0.0000000000e+00 2.1076827947e-01 1.2052970328e+00 3.8050846758e+00 3.9969780905e+00 0.0000000000e+00 1.0000000000e+00
-5.6490696485e-02 -1.5530103033e+00 4.5985375358e+00 4.8540271868e+00 0.0000000000e+00 6.4559546546e-02 1.5354452990e+00 5.1903981524e+00 5.4131315745e+00 0.0000000000e+00 1.0000000000e+00
-3.4781398498e-01 -1.4243810756e+00 3.9952731249e+00 4.2558246698e+00 0.0000000000e+00 1.5083465645e-01 1.6098769492e+00 5.7755584529e+00 5.9976270799e+00 0.0000000000e+00 1.0000000000e+00
-7.3408047448e-02 -1.4608680336e+00 4.3974895087e+00 4.6343757285e+00 0.0000000000e+00 8.6627513269e-02 1.6367880212e+00 5.0311604247e+00 5.2914227607e+00 0.0000000000e+00 1.0000000000e+00
1.1070512304e-01 -1.7959097065e+00 4.9353302189e+00 5.2530973653e+00 0.0000000000e+00 1.9288328922e-01 1.3239355815e+00 4.3553172752e+00 4.5561824169e+00 0.0000000000e+00 1.0000000000e+00
1.0681959118e-02 -1.7100467021e+00 4.8093465691e+00 5.1043303685e+00 0.0000000000e+00 2.2840137612e-01 1.3932916582e+00 4.0846313954e+00 4.3217638449e+00 0.0000000000e+00 1.0000000000e+00
8.9053199497e-02 -1.6143292342e+00 4.9116473720e+00 5.1709060634e+00 0.0000000000e+00 -2.7776382878e-01 1.4627063365e+00 4.7349899441e+00 4.9635463736e+00 0.0000000000e+00 1.0000000000e+00
-4.5378489668e-01 -1.4442100207e+00 4.1962412189e+00 4.4609532551e+00 0.0000000000e+00 2.1963985998e-02 1.6153836739e+00 4.8487628854e+00 5.1108168242e+00 0.0000000000e+00 1.0000000000e+00
4.6623799223e-02 -1.5920363107e+00 4.5239406469e+00 4.7961226663e+00 0.0000000000e+00 -1.5548012130e-03 1.5005200453e+00 4.8250368849e+00 5.0529737804e+00 0.0000000000e+00 1.0000000000e+00
-4.3835693838e-01 -1.4886927385e+00 4.0692038597e+00 4.3550870471e+00 0.0000000000e+00 2.0561972145e-01 1.5342448059e+00 4.6390135934e+00 4.8904635747e+00 0.0000000000e+00 1.0000000000e+00
-2.2287845771e-01 -1.5565352690e+00 4.6151526835e+00 4.8756652268e+00 0.0000000000e+00 8.6315324203e-02 1.5252324986e+00 4.4977282580e+00 4.7500888680e+00 0.0000000000e+00 1.0000000000e+00
-3.4229788736e-01 -1.6824988211e+00 4.7593869123e+00 5.0596179864e+00 0.0000000000e+00 3.3301595570e-02 1.4045543773e+00 4.2593142349e+00 4.4850462660e+00 0.0000000000e+00 1.0000000000e+00
1.7554223419e-01 -1.5017685565e+00 4.4813746145e+00 4.7295710768e+00 0.0000000000e+00 -3.6414084378e-02 1.5884980987e+00 4.8603834805e+00 5.1135095614e+00 0.0000000000e+00 1.0000000000e+00
2.3034911879e-01 -1.4767700045e+00 4.0840560255e+00 4.3489566844e+00 0.0000000000e+00 -8.3846628740e-02 1.5943562984e+00 5.2302400635e+00 5.4684928131e+00 0.0000000000e+00 1.0000000000e+00
-7.4167504072e-02 -1.5704609505e+00 4.3943989513e+00 4.6671823213e+00 0.0000000000e+00 -2.3935142325e-01 1.5193629600e+00 4.7067167526e+00 4.9516598993e+00 0.0000000000e+00 1.0000000000e+00
5.7980499194e-02 -1.6128507084e+00 4.7896321620e+00 5.0542284925e+00 0.0000000000e+00 -2.2429048318e-01 1.4726686464e+00 4.6644369499e+00 4.8965325980e+00 0.0000000000e+00 1.0000000000e+00
3.6387987148e-01 -1.7824415635e+00 5.2807838740e+00 5.5853545163e+00 0.0000000000e+00 6.0354927994e-02 1.3368720431e+00 3.8821253458e+00 4.1063082007e+00 0.0000000000e+00 1.0000000000e+00
-5.1867405273e-01 -1.5360162589e+00 4.7769654237e+00 5.0445780439e+00 0.0000000000e+00 2.2203446288e-01 1.4688599437e+00 4.9342945724e+00 5.1530682146e+00 0.0000000000e+00 1.0000000000e+00
-1.8634239019e-01 -1.7217841822e+00 4.5691817203e+00 4.8863776063e+00 0.0000000000e+00 -2.0394589499e-02 1.3711527039e+00 4.6158398008e+00 4.8152313552e+00 0.0000000000e+00 1.0000000000e+00
-4.7150624508e-01 -1.5781482189e+00 4.3304997860e+00 4.6331521233e+00 0.0000000000e+00 1.4086162120e-01 1.4506318474e+00 4.6382480221e+00 4.8618432440e+00 0.0000000000e+00 1.0000000000e+00
4.4872636965e-01 -1.5071551356e+00 4.1603323663e+00 4.4476103265e+00 0.0000000000e+00 1.9241945023e-01 1.5667767054e+00 5.0255466826e+00 5.2676307967e+00 0.0000000000e+00 1.0000000000e+00
5.7079773889e-02 -1.6632582522e+00 5.0729299575e+00 5.3389422856e+00 0.0000000000e+00 2.0500055392e-01 1.4369294750e+00 4.2595210782e+00 4.5000346243e+00 0.0000000000e+00 1.0000000000e+00
-3.5072481799e-01 -1.3971758826e+00 4.1409549157e+00 4.3843604117e+00 0.0000000000e+00 1.5227430648e-01 1.6643387524e+00 5.2662954791e+00 5.5251316076e+00 0.0000000000e+00 1.0000000000e+00
-1.6135255030e-01 -1.4970865006e+00 3.9443007039e+00 4.2219439764e+00 0.0000000000e+00 -6.5604806961e-02 1.5917781867e+00 4.8505717684e+00 5.1054978727e+00 0.0000000000e+00 1.0000000000e+00
-2.4482494763e-01 -1.3648273892e+00 4.3630314871e+00 4.5780713270e+00 0.0000000000e+00 8.4198470161e-02 1.7334646754e+00 5.2059966374e+00 5.4876580080e+00 0.0000000000e+00 1.0000000000e+00
7.5647009765e-02 -1.7142123731e+00 4.9118472797e+00 5.2029309520e+00 0.0000000000e+00 -3.9202711437e-02 1.3960216179e+00 4.2170626112e+00 4.4423001405e+00 0.0000000000e+00 1.0000000000e+00
-2.1757130022e-01 -1.4812001233e+00 3.9709351144e+00 4.2437739124e+00 0.0000000000e+00 -2.5912948641e-01 1.6133923143e+00 4.8881103524e+00 5.1540087241e+00 0.0000000000e+00 1.0000000000e+00
6.3965481798e-02 -1.5854246075e+00 4.8685934830e+00 5.1206313608e+00 0.0000000000e+00 -9.6915890402e-02 1.5082304178e+00 4.6276924122e+00 4.8682326368e+00 0.0000000000e+00 1.0000000000e+00
-2.4670755645e-01 -1.7763982386e+00 4.8928217856e+00 5.2111573194e+00 0.0000000000e+00 1.9215670578e-01 1.3120199295e+00 4.3800729942e+00 4.5763916125e+00 0.0000000000e+00 1.0000000000e+00
2.0938186653e-01 -1.5258209770e+00 4.8395702894e+00 5.0787214205e+00 0.0000000000e+00 1.3599538070e-01 1.5700769614e+00 4.7970129817e+00 5.0492544218e+00 0.0000000000e+00 1.0000000000e+00
-6.5942346270e-03 -1.6377177076e+00 4.6077855715e+00 4.8901790261e+00 0.0000000000e+00 -2.2502884528e-01 1.4462070232e+00 4.8823485437e+00 5.0970069942e+00 0.0000000000e+00 1.0000000000e+00
-1.0010341263e-01 -1.5127030158e+00 4.5424207147e+00 4.7887239759e+00 0.0000000000e+00 3.0921877734e-01 1.5572251587e+00 4.9664494221e+00 5.2140374539e+00 0.0000000000e+00 1.0000000000e+00
-2.0510747553e-01 -1.5082781903e+00 4.9032854932e+00 5.1341193076e+00 0.0000000000e+00 5.8864978689e-02 1.5745211839e+00 4.6060189820e+00 4.8680584597e+00 0.0000000000e+00 1.0000000000e+00
-2.9031048086e-01 -1.6880579403e+00 4.4550752585e+00 4.7729985968e+00 0.0000000000e+00 2.7644222745e-01 1.3392392311e+00 4.9208578755e+00 5.1073304685e+00 0.0000000000e+00 1.0000000000e+00
4.6465512784e-01 -1.6004808052e+00 5.1251189391e+00 5.3892752385e+00 0.0000000000e+00 -2.1717146797e-01 1.4285171738e+00 4.3900884155e+00 4.6217638753e+00 0.0000000000e+00 1.0000000000e+00
-1.9579473111e-01 -1.4601594736e+00 4.3451874782e+00 4.5881429519e+00 0.0000000000e+00 6.1930818163e-02 1.6267182694e+00 5.2797608045e+00 5.5250268929e+00 0.0000000000e+00 1.0000000000e+00
3.8799344016e-01 -1.6399871063e+00 5.2842818736e+00 5.5465062696e+00 0.0000000000e+00 -5.6239361753e-02 1.4332108555e+00 4.1758073103e+00 4.4152715858e+00 0.0000000000e+00 1.0000000000e+00
2.1216910995e-02 -1.6856835328e+00 4.5464656556e+00 4.8489513659e+00 0.0000000000e+00 -7.0408526088e-03 1.4165342371e+00 4.3722020152e+00 4.5959514294e+00 0.0000000000e+00 1.0000000000e+00
-3.9058443957e-01 -1.5216187977e+00 4.1903850765e+00 4.4751767921e+00 0.0000000000e+00 -3.1462367097e-02 1.5343998606e+00 5.1969125096e+00 5.4187888597e+00 0.0000000000e+00 1.0000000000e+00
-7.1192516888e-02 -1.7058993293e+00 5.3519336097e+00 5.6176823086e+00 0.0000000000e+00 9.7989151152e-02 1.4011718819e+00 4.3761352941e+00 4.5960249009e+00 0.0000000000e+00 1.0000000000e+00
2.8559283841e-01 -1.5415574338e+00 4.4791677635e+00 4.7456197388e+00 0.0000000000e+00 -2.9261155323e-01 1.4888831382e+00 5.2257884739e+00 5.4416229155e+00 0.0000000000e+00 1.0000000000e+00
1.6890039800e-02 -1.4697941528e+00 4.4502616163e+00 4.6867268791e+00 0.0000000000e+00 3.0406571365e-01 1.6183384446e+00 4.7999589788e+00 5.0745523683e+00 0.0000000000e+00 1.0000000000e+00
2.7795831779e-01 -1.7806272075e+00 4.8391440178e+00 5.1638366710e+00 0.0000000000e+00 -1.1400819656e-01 1.3229440098e+00 4.0154396702e+00 4.2292948264e+00 0.0000000000e+00 1.0000000000e+00
-2.7610711690e-01 -1.6073065098e+00 4.4420971331e+00 4.7320076666e+00 0.0000000000e+00 -6.6282913411e-02 1.4756084681e+00 4.7912739556e+00 5.0137929908e+00 0.0000000000e+00 1.0000000000e+00
-2.2639439880e-02 -1.6880055527e+00 4.5534523947e+00 4.8563159146e+00 0.0000000000e+00 -1.7953190500e-01 1.3939001030e+00 4.9270777544e+00 5.1236007516e+00 0.0000000000e+00 1.0000000000e+00
-1.5201290757e-01 -1.5583912956e+00 4.3551450784e+00 4.6280644193e+00 0.0000000000e+00 2.2280875685e-01 1.4987963723e+00 5.2638418280e+00 5.4775966773e+00 0.0000000000e+00 1.0000000000e+00
6.1369485896e-02 -1.5601835371e+00 5.0470691698e+00 5.2830716774e+00 0.0000000000e+00 -8.2863450911e-02 1.5292217396e+00 4.4307712815e+00 4.6879760975e+00 0.0000000000e+00 1.0000000000e+00
2.1206505014e-01 -1.5359697567e+00 4.2078221530e+00 4.4844110217e+00 0.0000000000e+00 1.2733776337e-01 1.5534317819e+00 4.8410149330e+00 5.0857439033e+00 0.0000000000e+00 1.0000000000e+00
-5.3772671289e-02 -1.5983904632e+00 4.7907204068e+00 5.0506183631e+00 0.0000000000e+00 2.2790248476e-01 1.4852970077e+00 4.8447518952e+00 5.0724420086e+00 0.0000000000e+00 1.0000000000e+00
4.6948784827e-01 -1.5163459310e+00 4.6557344780e+00 4.9189010574e+00 0.0000000000e+00 -1.5243784977e-01 1.5166680992e+00 4.7660091718e+00 5.0038348402e+00 0.0000000000e+00 1.0000000000e+00
-3.2687018736e-01 -1.7151212272e+00 4.6055227770e+00 4.9253756460e+00 0.0000000000e+00 -7.5536774830e-02 1.3802783924e+00 4.4116389195e+00 4.6231409737e+00 0.0000000000e+00 1.0000000000e+00
-1.2480937487e-01 -1.4218145482e+00 4.5830285762e+00 4.8001338711e+00 0.0000000000e+00 1.6860864250e-01 1.6701631200e+00 5.0790736073e+00 5.3492861852e+00 0.0000000000e+00 1.0000000000e+00
4.5111664242e-01 -1.4278152996e+00 4.1357453567e+00 4.3984716291e+00 0.0000000000e+00 -1.3120286730e-01 1.6013757496e+00 5.4243375932e+00 5.6573012179e+00 0.0000000000e+00 1.0000000000e+00
-4.3773446016e-02 -1.4882124514e+00 3.9671595635e+00 4.2373396935e+00 0.0000000000e+00 7.0016149441e-02 1.5775340353e+00 5.6562658861e+00 5.8725513986e+00 0.0000000000e+00 1.0000000000e+00
6.4113648938e-02 -1.5390168822e+00 4.2634845866e+00 4.5332090847e+00 0.0000000000e+00 -1.9614948745e-01 1.5458238473e+00 4.5716259868e+00 4.8298872050e+00 0.0000000000e+00 1.0000000000e+00
-2.2793656105e-01 -1.4757289662e+00 3.9895698205e+00 4.2598589967e+00 0.0000000000e+00 -3.1580164111e-01 1.6147272665e+00 5.1523297520e+00 5.4086575928e+00 0.0000000000e+00 1.0000000000e+00
2.8425222670e-01 -1.5959598294e+00 4.4165028587e+00 4.7046131475e+00 0.0000000000e+00 -2.1815974287e-01 1.4499360874e+00 4.8743205312e+00 5.0900794918e+00 0.0000000000e+00 1.0000000000e+00
-1.1299410557e-01 -1.3809113511e+00 4.1130305813e+00 4.3401272621e+00 0.0000000000e+00 -1.7570508834e-01 1.7356371345e+00 5.3735603625e+00 5.6496424463e+00 0.0000000000e+00 1.0000000000e+00
3.4871198705e-01 -1.5281700900e+00 4.0699097137e+00 4.3613150783e+00 0.0000000000e+00 1.1062833634e-01 1.5389337733e+00 5.1049441877e+00 5.3330114577e+00 0.0000000000e+00 1.0000000000e+00
-2.4955937125e-01 -1.5689112599e+00 5.0736757785e+00 5.3165730116e+00 0.0000000000e+00 2.0705871467e-01 1.4946962420e+00 4.6416391436e+00 4.8807585853e+00 0.0000000000e+00 1.0000000000e+00
3.4774477245e-01 -1.6913114949e+00 4.5677025924e+00 4.8831719439e+00 0.0000000000e+00 -1.2051993687e-02 1.3919547008e+00 4.3928830673e+00 4.6081563606e+00 0.0000000000e+00 1.0000000000e+00
-1.3750348257e-01 -1.5278064551e+00 4.0993514848e+00 4.3769604327e+00 0.0000000000e+00 2.4272578015e-01 1.5124903367e+00 5.5686902659e+00 5.7755393135e+00 0.0000000000e+00 1.0000000000e+00
2.8447217054e-01 -1.6640338058e+00 4.6268449643e+00 4.9252032960e+00 0.0000000000e+00 -2.2674941309e-01 1.3824698634e+00 4.9139884986e+00 5.1097868297e+00 0.0000000000e+00 1.0000000000e+00
4.3723708701e-01 -1.5655128018e+00 4.7610971875e+00 5.0309097878e+00 0.0000000000e+00 -2.0867855082e-01 1.4617810671e+00 4.8765638360e+00 5.0952159653e+00 0.0000000000e+00 1.0000000000e+00
1.2589204408e-01 -1.3862055922e+00 4.5191296513e+00 4.7286306493e+00 0.0000000000e+00 -2.9430830652e-01 1.6952003306e+00 4.9931246535e+00 5.2812513296e+00 0.0000000000e+00 1.0000000000e+00
3.2288810760e-02 -1.3722674573e+00 4.1675939049e+00 4.3878240346e+00 0.0000000000e+00 -4.4487057252e-02 1.7456195509e+00 5.5134943433e+00 5.7834061633e+00 0.0000000000e+00 1.0000000000e+00
4.7184758958e-01 -1.7112536119e+00 4.6371364919e+00 4.9652859110e+00 0.0000000000e+00 -1.9775510359e-01 1.3304550332e+00 4.2409124138e+00 4.4491073306e+00 0.0000000000e+00 1.0000000000e+00
-2.7602119129e-02 -1.5735308440e+00 5.0738552186e+00 5.3123223014e+00 0.0000000000e+00 1.8103809879e-01 1.5144371011e+00 4.5356725597e+00 4.7852502919e+00 0.0000000000e+00 1.0000000000e+00
2.0807477954e-02 -1.6234751853e+00 4.2053555266e+00 4.5078952954e+00 0.0000000000e+00 -4.2366783658e-02 1.4393530647e+00 5.2174709621e+00 5.4125350521e+00 0.0000000000e+00 1.0000000000e+00
-1.2845110593e-01 -1.5091989689e+00 4.1466353370e+00 4.4146082605e+00 0.0000000000e+00 1.0315736136e-01 1.5764424336e+00 4.7682896642e+00 5.0231861174e+00 0.0000000000e+00 1.0000000000e+00
-1.6995154773e-01 -1.4977112934e+00 4.4402497367e+00 4.6891193877e+00 0.0000000000e+00 2.0463794787e-01 1.5744868230e+00 5.1318977282e+00 5.3718953824e+00 0.0000000000e+00 1.0000000000e+00
-3.6071754424e-01 -1.6713314172e+00 4.7755999405e+00 5.0724570876e+00 0.0000000000e+00 -1.4308023949e-01 1.4275049497e+00 4.3695796506e+00 4.5990726153e+00 0.0000000000e+00 1.0000000000e+00
-1.0084090449e-01 -1.4411361325e+00 4.4052166204e+00 4.6360517657e+00 0.0000000000e+00 1.6899760318e-01 1.6513655891e+00 4.9595734350e+00 5.2300035771e+00 0.0000000000e+00 1.0000000000e+00
3.1348588847e-01 -1.4312446491e+00 4.0284684235e+00 4.2866411966e+00 0.0000000000e+00 -1.7371089135e-01 1.6311687122e+00 4.7531480574e+00 5.0282505465e+00 0.0000000000e+00 1.0000000000e+00
3.7455639985e-01 -1.3596736646e+00 4.4366032334e+00 4.6553682435e+00 0.0000000000e+00 -2.6539349449e-01 1.6839067835e+00 5.1203157625e+00 5.3966294603e+00 0.0000000000e+00 1.0000000000e+00
1.2281131019e-01 -1.5237161813e+00 4.3183479146e+00 4.5809303194e+00 0.0000000000e+00 -1.3751957157e-02 1.5668347521e+00 4.8996731427e+00 5.1441187217e+00 0.0000000000e+00 1.0000000000e+00
7.6240594222e-02 -1.6338340559e+00 5.2854263955e+00 5.5327171258e+00 0.0000000000e+00 -9.0599303924e-02 1.4605974738e+00 4.3256412966e+00 4.5664785231e+00 0.0000000000e+00 1.0000000000e+00
-2.2209400859e-01 -1.6422814654e+00 4.3844313768e+00 4.6871796338e+00 0.0000000000e+00 -1.5184846531e-01 1.4416290943e+00 4.8462864609e+00 5.0584429545e+00 0.0000000000e+00 1.0000000000e+00
3.8690741137e-01 -1.5715851612e+00 4.6742285039e+00 4.9465128759e+00 0.0000000000e+00 -2.9172575313e-02 1.4948449806e+00 4.8544126624e+00 5.0794424018e+00 0.0000000000e+00 1.0000000000e+00
-1.5507443887e-01 -1.6019469913e+00 4.6304468683e+00 4.9021750995e+00 0.0000000000e+00 -1.3387340367e-01 1.4887734063e+00 5.0112402977e+00 5.2294261565e+00 0.0000000000e+00 1.0000000000e+00
-2.0719778666e-01 -1.6295967612e+00 4.2570753220e+00 4.5630260886e+00 0.0000000000e+00 1.3620236801e-01 1.4487627041e+00 4.2636562685e+00 4.5051336822e+00 0.0000000000e+00 1.0000000000e+00
1.4050977183e-02 -1.3866177185e+00 4.3725806515e+00 4.5871960871e+00 0.0000000000e+00 2.5990095513e-01 1.7183011914e+00 5.0682138213e+00 5.3578819594e+00 0.0000000000e+00 1.0000000000e+00
3.1538154817e-01 -1.5233431274e+00 4.4586792634e+00 4.7222728468e+00 0.0000000000e+00 -1.1312272021e-01 1.5434437682e+00 4.5789452897e+00 4.8334000086e+00 0.0000000000e+00 1.0000000000e+00
2.6647408198e-01 -1.6930169417e+00 5.1015498429e+00 5.3817400404e+00 0.0000000000e+00 -1.5886651240e-01 1.3905061683e+00 4.2401296154e+00 4.4651366597e+00 0.0000000000e+00 1.0000000000e+00
-3.7436021173e-01 -1.6558596168e+00 5.1164272310e+00 5.3907183667e+00 0.0000000000e+00 1.0048931848e-01 1.4166919465e+00 4.4054865010e+00 4.6287607138e+00 0.0000000000e+00 1.0000000000e+00
-3.0107579645e-01 -1.5937874173e+00 4.9886529662e+00 5.2457090698e+00 0.0000000000e+00 5.7487168608e-02 1.4847312113e+00 4.3876084133e+00 4.6323686591e+00 0.0000000000e+00 1.0000000000e+00
3.7211100622e-02 -1.5071559056e+00 3.9902605396e+00 4.2655694842e+00 0.0000000000e+00 1.2500454173e-01 1.5825543754e+00 4.8449629039e+00 5.0984086034e+00 0.0000000000e+00 1.0000000000e+00
1.7897787148e-02 -1.7163915063e+00 5.3837209786e+00 5.6507319853e+00 0.0000000000e+00 5.0280943456e-02 1.3959716961e+00 4.1716537182e+00 4.3993136005e+00 0.0000000000e+00 1.0000000000e+00
-2.7731581316e-03 -1.6574867815e+00 4.6796003080e+00 4.9644666808e+00 0.0000000000e+00 -1.2311899432e-01 1.4264050619e+00 5.0999110683e+00 5.2970636067e+00 0.0000000000e+00 1.0000000000e+00
-1.9298199830e-01 -1.5423480194e+00 4.3497545829e+00 4.6191389519e+00 0.0000000000e+00 2.0141162109e-01 1.5166211318e+00 5.1825339166e+00 5.4036436185e+00 0.0000000000e+00 1.0000000000e+00
1.6972720151e-01 -1.6566854224e+00 4.7483788826e+00 5.0319495413e+00 0.0000000000e+00 -2.0839092172e-02 1.4325751040e+00 4.8588519726e+00 5.0656834138e+00 0.0000000000e+00 1.0000000000e+00
4.6524394854e-01 -1.5777250373e+00 4.8798492521e+00 5.1496210744e+00 0.0000000000e+00 -7.1758373836e-02 1.4762150881e+00 4.5724381956e+00 4.8053669541e+00 0.0000000000e+00 1.0000000000e+00
-1.6031891283e-01 -1.8050799028e+00 5.2282028708e+00 5.5333643589e+00 0.0000000000e+00 1.9019550503e-01 1.3100421122e+00 3.9545494370e+00 4.1702333480e+00 0.0000000000e+00 1.0000000000e+00
2.5840828056e-02 -1.6824075406e+00 4.8682969006e+00 5.1508715626e+00 0.0000000000e+00 -2.8796302796e-01 1.4042419820e+00 4.6366042100e+00 4.8531347716e+00 0.0000000000e+00 1.0000000000e+00
-2.9106097808e-01 -1.6943279631e+00 4.8328564162e+00 5.1295189970e+00 0.0000000000e+00 -2.1631958182e-01 1.4142656612e+00 4.2219167041e+00 4.4577485841e+00 0.0000000000e+00 1.0000000000e+00
-3.3778513008e-01 -1.5928523982e+00 4.1501738669e+00 4.4581634047e+00 0.0000000000e+00 2.6621001677e-01 1.4075327299e+00 5.1894567379e+00 5.3835376524e+00 0.0000000000e+00 1.0000000000e+00
-3.7084093298e-01 -1.6197653629e+00 4.9924302523e+00 5.2617034232e+00 0.0000000000e+00 1.4454409415e-01 1.4406538188e+00 4.5599630336e+00 4.7843118156e+00 0.0000000000e+00 1.0000000000e+00
-7.6616075451e-02 -1.5348819537e+00 4.4544161691e+00 4.7120649723e+00 0.0000000000e+00 1.4996681054e-01 1.5537981563e+00 4.5701165022e+00 4.8293626763e+00 0.0000000000e+00 1.0000000000e+00
-4.0813830482e-01 -1.5562202743e+00 4.7713767844e+00 5.0353187683e+00 0.0000000000e+00 -4.1195847493e-02 1.5195463958e+00 4.6992784080e+00 4.9390217820e+00 0.0000000000e+00 1.0000000000e+00
8.6760940263e-02 -1.4971822222e+00 4.5844965660e+00 4.8235558556e+00 0.0000000000e+00 -7.7622965332e-02 1.5958484048e+00 5.1620979424e+00 5.4037036266e+00 0.0000000000e+00 1.0000000000e+00
1.5860092918e-01 -1.6802379341e+00 4.8848117620e+00 5.1681466679e+00 0.0000000000e+00 1.1893414733e-02 1.4207441977e+00 4.5740352166e+00 4.7896193953e+00 0.0000000000e+00 1.0000000000e+00
2.0344700180e-01 -1.4688846738e+00 4.1969691773e+00 4.4512429055e+00 0.0000000000e+00 9.3120071070e-03 1.6156221372e+00 5.3747478061e+00 5.6123289145e+00 0.0000000000e+00 1.0000000000e+00
4.1080954343e-01 -1.4000107947e+00 4.0836459203e+00 4.3364684906e+00 0.0000000000e+00 -8.3789248216e-02 1.6536735986e+00 5.4699174253e+00 5.7150375247e+00 0.0000000000e+00 1.0000000000e+00
-3.2456263655e-01 -1.3234224429e+00 4.0192546077e+00 4.2439599114e+00 0.0000000000e+00 1.4340027279e-01 1.7647118686e+00 5.3715963956e+00 5.6558659563e+00 0.0000000000e+00 1.0000000000e+00
2.8946776795e-01 -1.4883758194e+00 4.3421229975e+00 4.5992484772e+00 0.0000000000e+00 -3.2896832697e-02 1.5816858497e+00 5.3917755796e+00 5.6190796836e+00 0.0000000000e+00 1.0000000000e+00
-4.4702904770e-01 -1.3174741793e+00 4.2847410052e+00 4.5049504909e+00 0.0000000000e+00 2.7886834441e-01 1.7127633412e+00 5.3249352611e+00 5.6005590447e+00 0.0000000000e+00 1.0000000000e+00
1.4546039824e-02 -1.3957256241e+00 4.0390625373e+00 4.2734398378e+00 0.0000000000e+00 -1.9312374892e-02 1.7106667821e+00 5.6645871232e+00 5.9172883439e+00 0.0000000000e+00 1.0000000000e+00
-3.1088305701e-01 -1.3340318688e+00 4.0373709305e+00 4.2634086825e+00 0.0000000000e+00 3.0806559575e-01 1.7240519402e+00 5.0254564420e+00 5.3218861521e+00 0.0000000000e+00 1.0000000000e+00
1.6498588204e-01 -1.5296125064e+00 4.3098808115e+00 4.5762438343e+00 0.0000000000e+00 1.0761782196e-01 1.5525353527e+00 5.3331482891e+00 5.5555754474e+00 0.0000000000e+00 1.0000000000e+00
4.3020619388e-01 -1.4276106772e+00 4.0210802042e+00 4.2886170130e+00 0.0000000000e+00 2.3495535492e-02 1.6389287096e+00 5.0922671193e+00 5.3495629756e+00 0.0000000000e+00 1.0000000000e+00
-4.9205532131e-01 -1.6288598834e+00 4.7413682569e+00 5.0374473861e+00 0.0000000000e+00 2.9588835780e-01 1.3615214370e+00 4.9273225860e+00 5.1205271869e+00 0.0000000000e+00 1.0000000000e+00
-4.6108478024e-02 -1.5907744639e+00 4.2642818932e+00 4.5515700272e+00 0.0000000000e+00 2.4783505372e-01 1.4765217361e+00 5.0043828660e+00 5.2235415938e+00 0.0000000000e+00 1.0000000000e+00
3.2698361058e-01 -1.6170475578e+00 4.8042516141e+00 5.0796254703e+00 0.0000000000e+00 -1.0645603133e-01 1.4533302511e+00 4.5837828018e+00 4.8098406149e+00 0.0000000000e+00 1.0000000000e+00
3.1498321849e-01 -1.7012862687e+00 4.9524100145e+00 5.2459464931e+00 0.0000000000e+00 -5.8892202324e-02 1.3909157019e+00 4.1530309968e+00 4.3801577029e+00 0.0000000000e+00 1.0000000000e+00
-2.5516956819e-01 -1.6254541177e+00 4.5602294055e+00 4.8479794852e+00 0.0000000000e+00 -3.3978443342e-02 1.4563971051e+00 4.8908967513e+00 5.1032458647e+00 0.0000000000e+00 1.0000000000e+00
-3.3481457880e-01 -1.7652892744e+00 4.6839124186e+00 5.0167103595e+00 0.0000000000e+00 8.4576816921e-02 1.3119035244e+00 4.5745555725e+00 4.7597061928e+00 0.0000000000e+00 1.0000000000e+00
9.5342964748e-02 -1.5005096902e+00 4.2499258687e+00 4.5080472227e+00 0.0000000000e+00 2.1428143351e-01 1.5957640739e+00 4.6600864853e+00 4.9303940840e+00 0.0000000000e+00 1.0000000000e+00
-1.2154717274e-03 -1.6651641830e+00 5.3558689336e+00 5.6087525823e+00 0.0000000000e+00 1.7004147915e-01 1.4323939218e+00 4.2544805651e+00 4.4923570196e+00 0.0000000000e+00 1.0000000000e+00
-3.1901010254e-01 -1.6257362395e+00 5.1562838988e+00 5.4159070960e+00 0.0000000000e+00 1.1567997169e-01 1.4473087749e+00 4.5721718321e+00 4.7971700062e+00 0.0000000000e+00 1.0000000000e+00
-2.1822701118e-01 -1.6360755134e+00 5.0687977847e+00 5.3307670515e+00 0.0000000000e+00 -2.0648378930e-01 1.4646167931e+00 4.3131611191e+00 4.5597255406e+00 0.0000000000e+00 1.0000000000e+00
1.9152208870e-01 -1.3677711524e+00 4.2267740537e+00 4.4466951546e+00 0.0000000000e+00 -3.0911529809e-01 1.7089530181e+00 5.3939747940e+00 5.6666601296e+00 0.0000000000e+00 1.0000000000e+00
2.0495186555e-03 -1.6039077150e+00 5.0826496414e+00 5.3297140446e+00 0.0000000000e+00 -1.8159574860e-01 1.4889716890e+00 4.6088659494e+00 4.8468195043e+00 0.0000000000e+00 1.0000000000e+00
1.0963691744e-01 -1.6453620504e+00 4.8296680926e+00 5.1034234271e+00 0.0000000000e+00 -1.0271638233e-01 1.4503590821e+00 4.3140737425e+00 4.5525075112e+00 0.0000000000e+00 1.0000000000e+00
3.2188541618e-02 -1.7537077902e+00 4.6544702203e+00 4.9739944118e+00 0.0000000000e+00 -9.7480529481e-02 1.3601766937e+00 4.0766001284e+00 4.2986337317e+00 0.0000000000e+00 1.0000000000e+00
1.3369200404e-01 -1.7042095713e+00 5.3276430494e+00 5.5951751123e+00 0.0000000000e+00 -4.3548296284e-02 1.4018508515e+00 4.1452936816e+00 4.3761332511e+00 0.0000000000e+00 1.0000000000e+00
3.5288929785e-01 -1.4161500268e+00 4.4641674198e+00 4.6966799729e+00 0.0000000000e+00 -2.7884867739e-01 1.6211056133e+00 4.9099766755e+00 5.1781860926e+00 0.0000000000e+00 1.0000000000e+00
3.9392188888e-02 -1.6736734042e+00 5.0581973564e+00 5.3280479695e+00 0.0000000000e+00 2.5280074306e-01 1.4239410003e+00 4.5071990376e+00 4.7335356356e+00 0.0000000000e+00 1.0000000000e+00
-1.1976007261e-02 -1.4806942852e+00 4.0375589487e+00 4.3005210750e+00 0.0000000000e+00 6.7079609755e-02 1.6038737396e+00 5.3447173244e+00 5.5805836779e+00 0.0000000000e+00 1.0000000000e+00
-8.6059390867e-02 -1.5743232352e+00 4.0666309445e+00 4.3615808336e+00 0.0000000000e+00 2.1577855337e-01 1.4766061275e+00 5.2239841285e+00 5.4329491508e+00 0.0000000000e+00 1.0000000000e+00
4.3895487793e-01 -1.4086174581e+00 4.2154726480e+00 4.4662170161e+00 0.0000000000e+00 9.0177454249e-02 1.6750148864e+00 4.9097332224e+00 5.1883800380e+00 0.0000000000e+00 1.0000000000e+00
1.4265179869e-02 -1.5472013724e+00 4.0118282251e+00 4.2998606433e+00 0.0000000000e+00 1.5535074457e-01 1.5080925223e+00 5.4861175922e+00 5.6917451986e+00 0.0000000000e+00 1.0000000000e+00
2.3756560345e-01 -1.4584673449e+00 4.4209440567e+00 4.6613636444e+00 0.0000000000e+00 -7.8603599601e-02 1.6258561421e+00 4.8026455127e+00 5.0709950604e+00 0.0000000000e+00 1.0000000000e+00
-2.0677007272e-01 -1.6759968811e+00 4.9091616732e+00 5.1914918861e+00 0.0000000000e+00 1.9035015112e-01 1.4025405019e+00 4.6333150697e+00 4.8446838736e+00 0.0000000000e+00 1.0000000000e+00
2.3281588838e-01 -1.6983184383e+00 4.4146617586e+00 4.7357921681e+00 0.0000000000e+00 -7.4330019165e-02 1.3837535065e+00 4.4583173475e+00 4.6687142289e+00 0.0000000000e+00 1.0000000000e+00
-3.2774651415e-02 -1.8487115258e+00 5.3686264654e+00 5.6781122629e+00 0.0000000000e+00 -9.9603826415e-02 1.2958198266e+00 3.8067490387e+00 4.0224878433e+00 0.0000000000e+00 1.0000000000e+00
3.1960343807e-01 -1.7276422483e+00 4.8480658418e+00 5.1566109765e+00 0.0000000000e+00 -1.0774101169e-01 1.3485144855e+00 4.6730453940e+00 4.8649206529e+00 0.0000000000e+00 1.0000000000e+00
-4.0024747929e-01 -1.6391692126e+00 4.4285002778e+00 4.7390598987e+00 0.0000000000e+00 1.8607371923e-02 1.4046136217e+00 5.1120652990e+00 5.3015561435e+00 0.0000000000e+00 1.0000000000e+00
-4.4405240486e-01 -1.5430012835e+00 4.2858686578e+00 4.5767571393e+00 0.0000000000e+00 -1.6773710016e-02 1.5121572687e+00 4.9063843591e+00 5.1341512155e+00 0.0000000000e+00 1.0000000000e+00
-3.0067992241e-01 -1.4660279486e+00 4.3125591715e+00 4.5648453677e+00 0.0000000000e+00 -1.1204751834e-02 1.6151679299e+00 5.2064787535e+00 5.4512672159e+00 0.0000000000e+00 1.0000000000e+00
-2.0301478942e-02 -1.5794291379e+00 4.6159585197e+00 4.8787377331e+00 0.0000000000e+00 7.4927298403e-03 1.5081852205e+00 5.2178065107e+00 5.4314071698e+00 0.0000000000e+00 1.0000000000e+00
-3.3823619943e-01 -1.5608239209e+00 4.8816258660e+00 5.1362288106e+00 0.0000000000e+00 1.3185319966e-01 1.5014182442e+00 4.6888075873e+00 4.9250948074e+00 0.0000000000e+00 1.0000000000e+00
-1.7898602641e-01 -1.5628326908e+00 4.6996307522e+00 4.9559067268e+00 0.0000000000e+00 -1.2543357349e-01 1.5338110244e+00 4.6055069816e+00 4.8558217285e+00 0.0000000000e+00 1.0000000000e+00
1.3733258891e-01 -1.4917348576e+00 4.5286328432e+00 4.7699736703e+00 0.0000000000e+00 1.0963322735e-01 1.6068496506e+00 5.0019041488e+00 5.2548102363e+00 0.0000000000e+00 1.0000000000e+00
-8.2183022190e-02 -1.6704683128e+00 4.8409371626e+00 5.1217078506e+00 0.0000000000e+00 1.6398042054e-01 1.4216385342e+00 4.6361476325e+00 4.8519903990e+00 0.0000000000e+00 1.0000000000e+00
-1.3196470486e-01 -1.7593745187e+00 5.1618726625e+00 5.4550658131e+00 0.0000000000e+00 1.9237506715e-01 1.3456309295e+00 4.2371926130e+00 4.4498912645e+00 0.0000000000e+00 1.0000000000e+00
4.2275534637e-01 -1.6038378485e+00 4.6732383163e+00 4.9588481071e+00 0.0000000000e+00 -1.4501759059e-01 1.4380135807e+00 4.8167506086e+00 5.0289163690e+00 0.0000000000e+00 1.0000000000e+00
1.7476747405e-01 -1.4958919115e+00 4.3165157082e+00 4.5717113209e+00 0.0000000000e+00 6.7102641566e-03 1.5901656748e+00 5.2718886114e+00 5.5064945013e+00 0.0000000000e+00 1.0000000000e+00
-5.2456925172e-02 -1.4720729271e+00 4.2071100011e+00 4.4575245657e+00 0.0000000000e+00 -2.8529464771e-01 1.6202579344e+00 4.9006373572e+00 5.1694173345e+00 0.0000000000e+00 1.0000000000e+00
-8.6613521510e-02 -1.6863215368e+00 5.2741255418e+00 5.5378319511e+00 0.0000000000e+00 -2.2060618775e-01 1.4159037103e+00 4.1256121418e+00 4.3673935262e+00 0.0000000000e+00 1.0000000000e+00
-1.4317997223e-01 -1.5703595585e+00 4.1484438077e+00 4.4380306369e+00 0.0000000000e+00 2.3898954647e-01 1.4905119082e+00 4.8228292189e+00 5.0535555491e+00 0.0000000000e+00 1.0000000000e+00
-6.9668824743e-02 -1.7200218472e+00 5.0934294713e+00 5.3764628651e+00 0.0000000000e+00 2.4820173157e-01 1.3773160569e+00 4.1328181657e+00 4.3633461783e+00 0.0000000000e+00 1.0000000000e+00
1.9267275568e-01 -1.5246080797e+00 4.4883213343e+00 4.7441101640e+00 0.0000000000e+00 8.3495238665e-02 1.5640096345e+00 5.2397849895e+00 5.4688613613e+00 0.0000000000e+00 1.0000000000e+00
-8.8377168124e-02 -1.7273340898e+00 4.7911345508e+00 5.0937671842e+00 0.0000000000e+00 -2.2476044105e-01 1.3833535514e+00 4.0438753573e+00 4.2798495850e+00 0.0000000000e+00 1.0000000000e+00
-2.8985857542e-01 -1.4819986442e+00 4.5764563550e+00 4.8191587446e+00 0.0000000000e+00 1.5322899111e-01 1.5836975552e+00 4.9934900298e+00 5.2408510768e+00 0.0000000000e+00 1.0000000000e+00
-2.8742463667e-01 -1.5812978222e+00 4.5005706151e+00 4.7789383599e+00 0.0000000000e+00 2.1908169813e-01 1.4690672244e+00 4.8023622559e+00 5.0268119916e+00 0.0000000000e+00 1.0000000000e+00
-2.8401538542e-01 -1.4970411345e+00 4.4700351930e+00 4.7226064609e+00 0.0000000000e+00 -1.2381667471e-01 1.5960519860e+00 4.9002135060e+00 5.1550756712e+00 0.0000000000e+00 1.0000000000e+00
3.7361556755e-01 -1.6806649933e+00 4.5497785993e+00 4.8646386275e+00 0.0000000000e+00 -2.6224385431e-01 1.3363923553e+00 4.9367979952e+00 5.1212001594e+00 0.0000000000e+00 1.0000000000e+00
4.1670178134e-01 -1.6032701951e+00 5.0232502277e+00 5.2893438917e+00 0.0000000000e+00 -1.5689959159e-01 1.4467039708e+00 4.4416769315e+00 4.6739773304e+00 0.0000000000e+00 1.0000000000e+00
-2.4528488869e-02 -1.5545364012e+00 4.1538783686e+00 4.4353005345e+00 0.0000000000e+00 -1.1274051979e-02 1.5144023806e+00 5.3809109506e+00 5.5899682105e+00 0.0000000000e+00 1.0000000000e+00
2.3994932833e-01 -1.5438758494e+00 4.9104744666e+00 5.1530464841e+00 0.0000000000e+00 6.8378364285e-02 1.5482119467e+00 4.7887808902e+00 5.0332949951e+00 0.0000000000e+00 1.0000000000e+00
-1.2071854939e-01 -1.4558678716e+00 4.5829151084e+00 4.8101180214e+00 0.0000000000e+00 8.8712414672e-02 1.6390970404e+00 5.2535354099e+00 5.5040115883e+00 0.0000000000e+00 1.0000000000e+00
4.6120237776e-02 -1.4068292000e+00 4.1750155666e+00 4.4059108839e+00 0.0000000000e+00 1.5954985623e-01 1.7015585191e+00 5.3615845899e+00 5.6273747988e+00 0.0000000000e+00 1.0000000000e+00
-1.2277249790e-01 -1.3713485007e+00 4.2897073782e+00 4.5052479897e+00 0.0000000000e+00 1.0810928256e-01 1.7383041915e+00 5.3253403153e+00 5.6029134220e+00 0.0000000000e+00 1.0000000000e+00
-4.4251289925e-02 -1.7492007173e+00 4.7128501383e+00 5.0271878832e+00 0.0000000000e+00 -2.5667527051e-01 1.3552505334e+00 4.2947688648e+00 4.5108342982e+00 0.0000000000e+00 1.0000000000e+00
2.3308480805e-01 -1.6440676535e+00 4.5291672073e+00 4.8239654673e+00 0.0000000000e+00 4.2040360220e-02 1.4515808651e+00 4.3035365258e+00 4.5419468612e+00 0.0000000000e+00 1.0000000000e+00
1.6135772709e-01 -1.7562357505e+00 4.6493703636e+00 4.9726296229e+00 0.0000000000e+00 -7.4834239131e-02 1.3429898057e+00 4.4272576264e+00 4.6270759809e+00 0.0000000000e+00 1.0000000000e+00
-8.0643264820e-02 -1.8265025494e+00 4.7715826342e+00 5.1098547920e+00 0.0000000000e+00 -4.0561885223e-02 1.3055751428e+00 3.9860726380e+00 4.1946331253e+00 0.0000000000e+00 1.0000000000e+00
1.4547658950e-01 -1.5449455531e+00 3.9929774222e+00 4.2839104981e+00 0.0000000000e+00 1.1609834541e-01 1.5050522113e+00 5.6112097982e+00 5.8107087903e+00 0.0000000000e+00 1.0000000000e+00
-4.1850337951e-01 -1.5916434619e+00 4.8999725114e+00 5.1689655505e+00 0.0000000000e+00 2.3746744804e-01 1.4400640366e+00 4.5373491369e+00 4.7663101734e+00 0.0000000000e+00 1.0000000000e+00
2.3544595684e-01 -1.6284912998e+00 4.7122838421e+00 4.9912962226e+00 0.0000000000e+00 -1.5456683778e-01 1.4436533562e+00 4.7491818054e+00 4.9661608917e+00 0.0000000000e+00 1.0000000000e+00
3.4342064231e-01 -1.7547939221e+00 5.3427373004e+00 5.6340111438e+00 0.0000000000e+00 -1.0915532990e-01 1.3403709511e+00 4.1579351233e+00 4.3700038813e+00 0.0000000000e+00 1.0000000000e+00
4.9608765662e-02 -1.6618549990e+00 5.2658956488e+00 5.5221264303e+00 0.0000000000e+00 -8.3029771358e-02 1.4398902559e+00 4.4696232808e+00 4.6965636827e+00 0.0000000000e+00 1.0000000000e+00
-1.6767830526e-01 -1.5764540179e+00 5.0933457764e+00 5.3343691983e+00 0.0000000000e+00 -1.7055516838e-01 1.5188422942e+00 4.5427004281e+00 4.7929216998e+00 0.0000000000e+00 1.0000000000e+00
2.7049025639e-01 -1.5606521493e+00 4.5849391716e+00 4.8508213303e+00 0.0000000000e+00 -2.8353974429e-01 1.4779252976e+00 5.1249075198e+00 5.3412859238e+00 0.0000000000e+00 1.0000000000e+00
-1.2362027491e-01 -1.5244213721e+00 4.3552089796e+00 4.6159493074e+00 0.0000000000e+00 1.7129367436e-01 1.5423138894e+00 5.4759363912e+00 5.6915686131e+00 0.0000000000e+00 1.0000000000e+00
-2.7945969485e-01 -1.5964728640e+00 4.1698313943e+00 4.4737364076e+00 0.0000000000e+00 -2.2890366043e-01 1.4958994261e+00 4.4378376531e+00 4.6887647920e+00 0.0000000000e+00 1.0000000000e+00
1.6071541752e-02 -1.6966338026e+00 4.4844409146e+00 4.7946882206e+00 0.0000000000e+00 -4.8079560207e-02 1.3963011125e+00 4.6351251812e+00 4.8411108382e+00 0.0000000000e+00 1.0000000000e+00
-2.0045839834e-01 -1.5133789491e+00 4.8642672736e+00 5.0981953457e+00 0.0000000000e+00 4.0926993317e-02 1.5723002097e+00 4.6333500750e+00 4.8930293426e+00 0.0000000000e+00 1.0000000000e+00
2.7906282357e-01 -1.6620604853e+00 4.3554649247e+00 4.6701601779e+00 0.0000000000e+00 -1.9050810198e-01 1.3739266902e+00 5.0233406479e+00 5.2113260705e+00 0.0000000000e+00 1.0000000000e+00
4.7898553694e-01 -1.8022107989e+00 5.1652865975e+00 5.4915914636e+00 0.0000000000e+00 -1.4186443959e-01 1.2841811642e+00 3.7999582728e+00 4.0135931430e+00 0.0000000000e+00 1.0000000000e+00
2.9715578688e-01 -1.3808218014e+00 3.9966264753e+00 4.2388670483e+00 0.0000000000e+00 -9.4691945601e-02 1.6942709897e+00 5.6861944691e+00 5.9339976873e+00 0.0000000000e+00 1.0000000000e+00
-3.6990292038e-01 -1.6551513808e+00 5.1434069889e+00 5.4158092635e+00 0.0000000000e+00 9.6226801519e-02 1.4185270132e+00 4.2068258346e+00 4.4405925672e+00 0.0000000000e+00 1.0000000000e+00
3.4849779974e-01 -1.5208714723e+00 4.8298109919e+00 5.0755861957e+00 0.0000000000e+00 -1.2068147195e-01 1.5402644334e+00 4.8526599702e+00 5.0926699863e+00 0.0000000000e+00 1.0000000000e+00
2.8937632003e-02 -1.4655738056e+00 4.4571476295e+00 4.6920048187e+00 0.0000000000e+00 2.4854342862e-01 1.6288608558e+00 4.9587685319e+00 5.2253561732e+00 0.0000000000e+00 1.0000000000e+00
3.8816853693e-01 -1.5066204174e+00 4.2854966375e+00 4.5591733446e+00 0.0000000000e+00 -2.1552124338e-01 1.5078805888e+00 5.4140111383e+00 5.6242039565e+00 0.0000000000e+00 1.0000000000e+00
-2.3274213028e-01 -1.6932469561e+00 4.7347192160e+00 5.0337680190e+00 0.0000000000e+00 -8.8117602629e-02 1.4047433636e+00 4.6259275532e+00 4.8353153586e+00 0.0000000000e+00 1.0000000000e+00
-1.1496130290e-01 -1.7205017797e+00 5.1037487168e+00 5.3871693588e+00 0.0000000000e+00 9.3453277012e-02 1.3873443102e+00 4.1578166517e+00 4.3841643811e+00 0.0000000000e+00 1.0000000000e+00
1.9878428271e-01 -1.4675751900e+00 4.6813438661e+00 4.9100175950e+00 0.0000000000e+00 5.4995792501e-02 1.6274678450e+00 4.7691596158e+00 5.0394999579e+00 0.0000000000e+00 1.0000000000e+00
2.5906173022e-01 -1.5216110495e+00 4.1078198207e+00 4.3882339394e+00 0.0000000000e+00 -2.0573837931e-01 1.5327904553e+00 4.7636926270e+00 5.0084471213e+00 0.0000000000e+00 1.0000000000e+00
4.1008815385e-01 -1.4429943387e+00 4.0019959781e+00 4.2739182287e+00 0.0000000000e+00 -2.4285800546e-01 1.5553598785e+00 5.6093118983e+00 5.8260196186e+00 0.0000000000e+00 1.0000000000e+00
-8.0057653630e-02 -1.4824012412e+00 4.2276418207e+00 4.4807229655e+00 0.0000000000e+00 -1.7539275295e-01 1.6162250498e+00 4.6810632806e+00 4.9553304358e+00 0.0000000000e+00 1.0000000000e+00
-3.4355709819e-01 -1.5834990920e+00 4.2872870881e+00 4.5832664870e+00 0.0000000000e+00 -4.7776445266e-02 1.4772251268e+00 5.1121935640e+00 5.3215599180e+00 0.0000000000e+00 1.0000000000e+00
3.5722291558e-01 -1.7592053896e+00 5.2841405341e+00 5.5807305310e+00 0.0000000000e+00 -2.4358001835e-01 1.3125271910e+00 4.1451662123e+00 4.3548205521e+00 0.0000000000e+00 1.0000000000e+00
-2.6106662875e-01 -1.5777054384e+00 4.5871008043e+00 4.8578600520e+00 0.0000000000e+00 6.0283198286e-02 1.5008940507e+00 4.7353389259e+00 4.9678719810e+00 0.0000000000e+00 1.0000000000e+00
4.0421563093e-01 -1.6587385760e+00 4.3946175433e+00 4.7146015264e+00 0.0000000000e+00 -1.3082092928e-01 1.3768956661e+00 4.8147802030e+00 5.0094974254e+00 0.0000000000e+00 1.0000000000e+00
-3.6836569018e-01 -1.5384800866e+00 4.7906794280e+00 5.0451188193e+00 0.0000000000e+00 7.4014448272e-02 1.5265722179e+00 4.4452220949e+00 4.7006276825e+00 0.0000000000e+00 1.0000000000e+00
3.5234812167e-01 -1.5492055479e+00 4.3676403383e+00 4.6476305161e+00 0.0000000000e+00 -1.9940710247e-01 1.4905193270e+00 4.8423747337e+00 5.0705033655e+00 0.0000000000e+00 1.0000000000e+00
-3.5777560083e-03 -1.7267222418e+00 5.2341059264e+00 5.5115739685e+00 0.0000000000e+00 1.6408396075e-01 1.3829688125e+00 4.0389951977e+00 4.2723540057e+00 0.0000000000e+00 1.0000000000e+00
1.5201347015e-01 -1.6712518740e+00 4.5975801199e+00 4.8942756503e+00 0.0000000000e+00 -5.6874900141e-02 1.4048906205e+00 5.0538850428e+00 5.2458275512e+00 0.0000000000e+00 1.0000000000e+00
-5.3594842122e-02 -1.4968952501e+00 4.6179197630e+00 4.8547658024e+00 0.0000000000e+00 -1.3101947471e-01 1.6009274278e+00 4.9959514587e+00 5.2478248799e+00 0.0000000000e+00 1.0000000000e+00
-4.9462357320e-02 -1.3638225754e+00 4.0634454609e+00 4.2864959836e+00 0.0000000000e+00 -1.3201409771e-01 1.7573060053e+00 5.3416841488e+00 5.6248681695e+00 0.0000000000e+00 1.0000000000e+00
2.6377056250e-01 -1.6936503550e+00 5.1545726335e+00 5.4320940464e+00 0.0000000000e+00 -8.2744637869e-02 1.3995871592e+00 4.2431669518e+00 4.4687981531e+00 0.0000000000e+00 1.0000000000e+00
4.5516513415e-01 -1.6876062789e+00 4.5377780682e+00 4.8627790726e+00 0.0000000000e+00 -7.8959199394e-02 1.3535741352e+00 4.8130710915e+00 5.0004050924e+00 0.0000000000e+00 1.0000000000e+00
5.9014953234e-02 -1.8862691845e+00 5.1798304353e+00 5.5129064749e+00 0.0000000000e+00 1.3044266832e-01 1.2657641694e+00 3.9179287133e+00 4.1193858627e+00 0.0000000000e+00 1.0000000000e+00
3.6866674338e-01 -1.4185808226e+00 4.0813800895e+00 4.3365828037e+00 0.0000000000e+00 2.5599073862e-01 1.6847922927e+00 4.9545105830e+00 5.2393923031e+00 0.0000000000e+00 1.0000000000e+00
3.3874289136e-01 -1.4750810494e+00 4.0890745745e+00 4.3601768296e+00 0.0000000000e+00 1.7674518305e-01 1.6085277909e+00 5.2055099609e+00 5.4512324045e+00 0.0000000000e+00 1.0000000000e+00
-3.6397594734e-01 -1.5019168431e+00 3.9994746050e+00 4.2876602094e+00 0.0000000000e+00 -3.7072880492e-02 1.5396965789e+00 5.5329330992e+00 5.7432907723e+00 0.0000000000e+00 1.0000000000e+00
2.6112394531e-05 -1.6046662534e+00 4.1917050415e+00 4.4883566259e+00 0.0000000000e+00 -1.6945110065e-01 1.4663219894e+00 5.0152731531e+00 5.2279803857e+00 0.0000000000e+00 1.0000000000e+00
1.8723314403e-01 -1.4217033012e+00 4.1875103569e+00 4.4262331363e+00 0.0000000000e+00 -1.6598400373e-01 1.6626190713e+00 5.2089665294e+00 5.4703917073e+00 0.0000000000e+00 1.0000000000e+00
1.6062552045e-01 -1.5057671628e+00 4.4883653657e+00 4.7369356364e+00 0.0000000000e+00 2.6134221720e-01 1.5907473902e+00 4.9215817830e+00 5.1788748316e+00 0.0000000000e+00 1.0000000000e+00
-4.0398235046e-01 -1.3659683997e+00 4.0325808053e+00 4.2767721030e+00 0.0000000000e+00 1.9319304443e-01 1.6825495134e+00 5.1851669424e+00 5.4547459060e+00 0.0000000000e+00 1.0000000000e+00
5.1806207959e-02 -1.7002858213e+00 4.5516377238e+00 4.8591215242e+00 0.0000000000e+00 7.2455674477e-02 1.3989615868e+00 4.5215918598e+00 4.7336177026e+00 0.0000000000e+00 1.0000000000e+00
-4.5936009571e-01 -1.5784022848e+00 4.8001642849e+00 5.0738489230e+00 0.0000000000e+00 2.6437721175e-01 1.4336923118e+00 4.7785294969e+00 4.9959697125e+00 0.0000000000e+00 1.0000000000e+00
-1.7842991859e-01 -1.7582901552e+00 5.0472650664e+00 5.3477384395e+00 0.0000000000e+00 1.6713153893e-01 1.3464103770e+00 3.9553072256e+00 4.1815319400e+00 0.0000000000e+00 1.0000000000e+00
4.6616832565e-02 -1.5662643790e+00 4.3957405901e+00 4.6666789938e+00 0.0000000000e+00 -1.5970929462e-01 1.5234393062e+00 4.4694808554e+00 4.7246834556e+00 0.0000000000e+00 1.0000000000e+00
-1.6539254305e-01 -1.5096309924e+00 4.5959033816e+00 4.8403169917e+00 0.0000000000e+00 -2.0560135585e-01 1.5879390777e+00 4.9586095753e+00 5.2107227534e+00 0.0000000000e+00 1.0000000000e+00
4.3220318929e-01 -1.4799393525e+00 4.1637235792e+00 4.4400016204e+00 0.0000000000e+00 3.2594283152e-02 1.5832888237e+00 4.9719770326e+00 5.2180860246e+00 0.0000000000e+00 1.0000000000e+00
1.3366316579e-01 -1.5541422386e+00 4.2034549115e+00 4.4835541029e+00 0.0000000000e+00 1.9549269226e-01 1.5183438216e+00 5.3559123475e+00 5.5704023812e+00 0.0000000000e+00 1.0000000000e+00
-1.1345256319e-01 -1.5164621666e+00 4.1641828662e+00 4.4331645797e+00 0.0000000000e+00 -1.8781788179e-01 1.5764149632e+00 4.8305256922e+00 5.0847161589e+00 0.0000000000e+00 1.0000000000e+00
7.5460411513e-02 -1.5463178325e+00 4.6445698914e+00 4.8957964469e+00 0.0000000000e+00 -2.0708457349e-02 1.5480561584e+00 4.9063029937e+00 5.1447756061e+00 0.0000000000e+00 1.0000000000e+00
1.3190232267e-02 -1.5863111804e+00 4.4867088440e+00 4.7588983657e+00 0.0000000000e+00 -2.6648339524e-01 1.4881748007e+00 5.0882893115e+00 5.3081414842e+00 0.0000000000e+00 1.0000000000e+00
2.4835368567e-01 -1.6924167009e+00 4.8965555084e+00 5.1867340351e+00 0.0000000000e+00 4.1056386085e-02 1.4104056321e+00 4.3253024981e+00 4.5496342309e+00 0.0000000000e+00 1.0000000000e+00
-2.7132328862e-01 -1.5229457083e+00 4.9377250773e+00 5.1743704117e+00 0.0000000000e+00 -9.2674864430e-02 1.5664389610e+00 4.6088298173e+00 4.8686376118e+00 0.0000000000e+00 1.0000000000e+00
-3.2657855211e-01 -1.5971056205e+00 4.3407619202e+00 4.6367676481e+00 0.0000000000e+00 7.8218022734e-03 1.4790920376e+00 4.5058746144e+00 4.7424340521e+00 0.0000000000e+00 1.0000000000e+00
5.3741041886e-03 -1.5607591672e+00 4.9352926325e+00 5.1762063027e+00 0.0000000000e+00 1.9634101519e-01 1.5281333453e+00 4.5011888864e+00 4.7575669168e+00 0.0000000000e+00 1.0000000000e+00
4.4643881426e-01 -1.5284111061e+00 4.8108858890e+00 5.0675409640e+00 0.0000000000e+00 -8.4502643249e-02 1.5231185409e+00 4.7369177603e+00 4.9764868045e+00 0.0000000000e+00 1.0000000000e+00
4.4622816147e-01 -1.3531430297e+00 4.1485925100e+00 4.3864490999e+00 0.0000000000e+00 -1.7319078978e-01 1.6917423180e+00 5.3316426361e+00 5.5962845336e+00 0.0000000000e+00 1.0000000000e+00
-1.1603200807e-01 -1.4434859405e+00 4.0116272898e+00 4.2650051419e+00 0.0000000000e+00 -2.4435077799e-01 1.6530675547e+00 5.2600320021e+00 5.5190829462e+00 0.0000000000e+00 1.0000000000e+00
-3.8958943533e-01 -1.5943072061e+00 4.8057242635e+00 5.0782458933e+00 0.0000000000e+00 7.6954403982e-03 1.4795945982e+00 4.6403527773e+00 4.8705372962e+00 0.0000000000e+00 1.0000000000e+00
4.1843890502e-01 -1.5409196729e+00 4.4299904500e+00 4.7089638143e+00 0.0000000000e+00 -1.7161424949e-01 1.4912454984e+00 4.9048853666e+00 5.1294410327e+00 0.0000000000e+00 1.0000000000e+00
-2.3011985833e-01 -1.4653528167e+00 4.0724200922e+00 4.3341457861e+00 0.0000000000e+00 5.6025702985e-02 1.6105336991e+00 5.2593894343e+00 5.5007395101e+00 0.0000000000e+00 1.0000000000e+00
-1.8401059095e-01 -1.5294499553e+00 4.7406397892e+00 4.9846507336e+00 0.0000000000e+00 -2.8154697602e-01 1.5660726986e+00 4.7624040273e+00 5.0211895779e+00 0.0000000000e+00 1.0000000000e+00
-2.4358189803e-01 -1.4588558365e+00 4.6911806097e+00 4.9188177712e+00 0.0000000000e+00 2.7325668434e-01 1.5972723266e+00 4.9272381248e+00 5.1868703377e+00 0.0000000000e+00 1.0000000000e+00
4.1751695566e-02 -1.5688247697e+00 4.1687799402e+00 4.4544001631e+00 0.0000000000e+00 2.4817658516e-01 1.4998829818e+00 5.1803047224e+00 5.3987774407e+00 0.0000000000e+00 1.0000000000e+00
-1.8699831121e-01 -1.4919499084e+00 4.1567441019e+00 4.4203398837e+00 0.0000000000e+00 1.9310997904e-01 1.5804970508e+00 4.7776715371e+00 5.0360111168e+00 0.0000000000e+00 1.0000000000e+00
-8.3842733759e-02 -1.4414455908e+00 4.2084512724e+00 4.4492535743e+00 0.0000000000e+00 4.8930608588e-02 1.6560687023e+00 5.3654673902e+00 5.6154428435e+00 0.0000000000e+00 1.0000000000e+00
-1.4865629605e-01 -1.5519001169e+00 4.4037262829e+00 4.6715412985e+00 0.0000000000e+00 -6.7457566657e-02 1.5282486536e+00 5.3429963243e+00 5.5576707759e+00 0.0000000000e+00 1.0000000000e+00
6.5085926389e-02 -1.8359493960e+00 5.0641707025e+00 5.3870930499e+00 0.0000000000e+00 1.9463861194e-01 1.2991547670e+00 3.9800431741e+00 4.1912326620e+00 0.0000000000e+00 1.0000000000e+00
-3.2138747558e-01 -1.5461099572e+00 4.0728012150e+00 4.3682325839e+00 0.0000000000e+00 5.7133528137e-03 1.5134213380e+00 4.9808024752e+00 5.2056575326e+00 0.0000000000e+00 1.0000000000e+00
-2.0951486513e-01 -1.5899149232e+00 4.5362626491e+00 4.8113828599e+00 0.0000000000e+00 2.5056766347e-01 1.4629601399e+00 5.0485534405e+00 5.2622170829e+00 0.0000000000e+00 1.0000000000e+00
1.9613248328e-01 -1.6564599547e+00 4.4897426468e+00 4.7895842021e+00 0.0000000000e+00 1.9709489627e-01 1.4457828886e+00 4.2131413902e+00 4.4586651808e+00 0.0000000000e+00 1.0000000000e+00
-1.8073798517e-01 -1.8759597215e+00 5.2244627935e+00 5.5539988150e+00 0.0000000000e+00 -1.0580846240e-01 1.2765047018e+00 3.8234688379e+00 4.0323161954e+00 0.0000000000e+00 1.0000000000e+00
-1.5375711199e-01 -1.3499404748e+00 4.1769937839e+00 4.3924091188e+00 0.0000000000e+00 -2.1491479792e-02 1.7714908197e+00 5.3557121660e+00 5.6411253021e+00 0.0000000000e+00 1.0000000000e+00
-9.2226910760e-02 -1.4791837140e+00 4.3490860578e+00 4.5946751857e+00 0.0000000000e+00 -1.7715625473e-01 1.6189119895e+00 5.0573766620e+00 5.3131270765e+00 0.0000000000e+00 1.0000000000e+00
1.2411111904e-01 -1.6972002915e+00 4.6294394759e+00 4.9323019496e+00 0.0000000000e+00 2.6527156498e-01 1.3974204476e+00 4.6427044136e+00 4.8557035992e+00 0.0000000000e+00 1.0000000000e+00
-1.1358973606e-01 -1.4565732786e+00 4.3537572502e+00 4.5923535141e+00 0.0000000000e+00 -8.0812048364e-02 1.6443060866e+00 5.2265422392e+00 5.4796913355e+00 0.0000000000e+00 1.0000000000e+00
1.1086042925e-01 -1.5902103901e+00 4.1803889331e+00 4.4740039129e+00 0.0000000000e+00 -1.1145617593e-01 1.4602189394e+00 5.4205403182e+00 5.6148837417e+00 0.0000000000e+00 1.0000000000e+00
-7.1527804643e-02 -1.5453223600e+00 4.0803600782e+00 4.3637685608e+00 0.0000000000e+00 2.7978607716e-02 1.5461555296e+00 4.5345456241e+00 4.7909794409e+00 0.0000000000e+00 1.0000000000e+00
-4.6534085117e-01 -1.5971026216e+00 4.8052194743e+00 5.0850185201e+00 0.0000000000e+00 1.5471045704e-01 1.4441195712e+00 4.3245905711e+00 4.5619623551e+00 0.0000000000e+00 1.0000000000e+00
-3.8099255129e-01 -1.5160040529e+00 4.4122897773e+00 4.6809961496e+00 0.0000000000e+00 2.1992213559e-01 1.5195621895e+00 4.7231352492e+00 4.9664314992e+00 0.0000000000e+00 1.0000000000e+00
3.1836559366e-01 -1.6847599933e+00 4.5298730850e+00 4.8435032067e+00 0.0000000000e+00 2.0592480110e-01 1.4085364041e+00 4.6288047659e+00 4.8427485633e+00 0.0000000000e+00 1.0000000000e+00
9.1145897233e-03 -1.6164676167e+00 4.3921563481e+00 4.6801803683e+00 0.0000000000e+00 1.1044514520e-01 1.4542852007e+00 5.2755583814e+00 5.4734504722e+00 0.0000000000e+00 1.0000000000e+00
-3.2325000618e-01 -1.5075125905e+00 4.1050576349e+00 4.3850408463e+00 0.0000000000e+00 2.1043633087e-01 1.5262936595e+00 5.1038436835e+00 5.3313297020e+00 0.0000000000e+00 1.0000000000e+00
-5.9928620423e-02 -1.6941145699e+00 5.0070332735e+00 5.2862082894e+00 0.0000000000e+00 1.0206732112e-01 1.4105693768e+00 4.3728034314e+00 4.5958169910e+00 0.0000000000e+00 1.0000000000e+00
1.9194261775e-01 -1.5233188514e+00 4.1354811539e+00 4.4112976466e+00 0.0000000000e+00 -7.7369152453e-02 1.5600182092e+00 4.5369461519e+00 4.7982833853e+00 0.0000000000e+00 1.0000000000e+00
1.3777765738e-02 -1.5891972136e+00 5.1450109508e+00 5.3848747019e+00 0.0000000000e+00 -2.8628077458e-02 1.5078737990e+00 4.6816442846e+00 4.9185665014e+00 0.0000000000e+00 1.0000000000e+00
-9.3233050022e-02 -1.6912645984e+00 4.6785879983e+00 4.9757667009e+00 0.0000000000e+00 -9.4542290032e-02 1.4105492268e+00 4.5343370733e+00 4.7496105442e+00 0.0000000000e+00 1.0000000000e+00
-2.2894489377e-01 -1.6206969251e+00 5.0894622412e+00 5.3461855985e+00 0.0000000000e+00 -1.8830286839e-01 1.4780302650e+00 4.3503655502e+00 4.5984467069e+00 0.0000000000e+00 1.0000000000e+00
-2.7436413476e-03 -1.6171837619e+00 4.4940641976e+00 4.7761809137e+00 0.0000000000e+00 -1.8355158433e-01 1.4759484574e+00 4.3870493905e+00 4.6323123436e+00 0.0000000000e+00 1.0000000000e+00
-1.5891643064e-01 -1.4640581066e+00 4.1391914998e+00 4.3933617088e+00 0.0000000000e+00 -1.0156801291e-01 1.6221543136e+00 5.5750371642e+00 5.8071284058e+00 0.0000000000e+00 1.0000000000e+00
2.2013809199e-01 -1.4945235249e+00 3.9586867800e+00 4.2371290550e+00 0.0000000000e+00 -1.9029437416e-01 1.5721866730e+00 4.6068183889e+00 4.8714226682e+00 0.0000000000e+00 1.0000000000e+00
-9.3111462595e-02 -1.5204924357e+00 4.5536533074e+00 4.8017002923e+00 0.0000000000e+00 9.9976603912e-02 1.5679284211e+00 5.1383757064e+00 5.3732020264e+00 0.0000000000e+00 1.0000000000e+00
-5.7505289936e-02 -1.6298221399e+00 4.7006784357e+00 4.9755406825e+00 0.0000000000e+00 -2.2632200189e-01 1.4621578468e+00 4.7463766412e+00 4.9716414491e+00 0.0000000000e+00 1.0000000000e+00
-1.9211774999e-01 -1.6482908071e+00 4.8659141720e+00 5.1410984046e+00 0.0000000000e+00 9.8319134143e-02 1.4393379299e+00 4.6579587931e+00 4.8762629860e+00 0.0000000000e+00 1.0000000000e+00
-5.0640842714e-02 -1.5296520664e+00 4.3975096670e+00 4.6562314667e+00 0.0000000000e+00 2.9810499375e-02 1.5643921088e+00 4.8516023159e+00 5.0976716870e+00 0.0000000000e+00 1.0000000000e+00
-2.3814032368e-01 -1.6849221439e+00 4.4086775277e+00 4.7256863257e+00 0.0000000000e+00 -1.7629271068e-01 1.3883082031e+00 5.0358486571e+00 5.2266864021e+00 0.0000000000e+00 1.0000000000e+00
9.8971343716e-02 -1.5541446613e+00 4.6870144078e+00 4.9389538644e+00 0.0000000000e+00 1.4772952153e-01 1.5395028824e+00 5.0965141345e+00 5.3260069209e+00 0.0000000000e+00 1.0000000000e+00
3.2144451253e-01 -1.4533251512e+00 3.9950475941e+00 4.2633186733e+00 0.0000000000e+00 -1.7764340201e-01 1.5707698395e+00 5.7795041410e+00 5.9917896696e+00 0.0000000000e+00 1.0000000000e+00
2.3188722487e-01 -1.4902660930e+00 4.8035217035e+00 5.0347279698e+00 0.0000000000e+00 6.4353704076e-02 1.6017183057e+00 4.7488479047e+00 5.0121053075e+00 0.0000000000e+00 1.0000000000e+00
-3.3274826687e-01 -1.5018485066e+00 4.4375412097e+00 4.6965990455e+00 0.0000000000e+00 7.4246738216e-02 1.5662239498e+00 4.8883307848e+00 5.1336486208e+00 0.0000000000e+00 1.0000000000e+00
-4.6507095550e-01 -1.4710531151e+00 4.5730252433e+00 4.8262665072e+00 0.0000000000e+00 1.4870042515e-01 1.5625506317e+00 5.0123254356e+00 5.2523406998e+00 0.0000000000e+00 1.0000000000e+00
-2.8754088024e-01 -1.4343378236e+00 3.9635177240e+00 4.2248642297e+00 0.0000000000e+00 1.4681672829e-01 1.6245357545e+00 5.3198449811e+00 5.5642989184e+00 0.0000000000e+00 1.0000000000e+00
-3.7685411917e-01 -1.4961434627e+00 4.2476558887e+00 4.5191863314e+00 0.0000000000e+00 -4.4710519567e-02 1.5816508431e+00 4.6510939832e+00 4.9128702326e+00 0.0000000000e+00 1.0000000000e+00
-1.8462643222e-01 -1.5380683415e+00 4.5816567228e+00 4.8364573531e+00 0.0000000000e+00 2.2964489523e-01 1.5273559816e+00 5.0575860268e+00 5.2881688468e+00 0.0000000000e+00 1.0000000000e+00
-1.3783290949e-01 -1.4680389642e+00 4.1810259280e+00 4.4334088897e+00 0.0000000000e+00 2.7911905996e-01 1.5937267377e+00 5.4434050385e+00 5.6787790095e+00 0.0000000000e+00 1.0000000000e+00
3.6256227483e-02 -1.4333625762e+00 4.2281486444e+00 4.4646482515e+00 0.0000000000e+00 -8.3681319242e-02 1.6700797930e+00 5.0829162599e+00 5.3509071235e+00 0.0000000000e+00 1.0000000000e+00
-4.6556843076e-01 -1.7141546547e+00 4.9022024964e+00 5.2140837854e+00 0.0000000000e+00 9.8068710386e-02 1.3514343952e+00 4.3716736115e+00 4.5768463841e+00 0.0000000000e+00 1.0000000000e+00
3.5024258916e-01 -1.4847083592e+00 4.1384351796e+00 4.4106320159e+00 0.0000000000e+00 -1.3028910486e-01 1.5470435170e+00 5.5728602389e+00 5.7850747962e+00 0.0000000000e+00 1.0000000000e+00
-5.0421629392e-01 -1.7510675488e+00 4.5669991082e+00 4.9171081691e+00 0.0000000000e+00 2.4682054159e-01 1.2798935498e+00 4.1005763534e+00 4.3027635968e+00 0.0000000000e+00 1.0000000000e+00
-3.6666687142e-01 -1.7599558477e+00 4.7158721273e+00 5.0469138454e+00 0.0000000000e+00 1.7869619930e-01 1.2928764722e+00 4.7069107294e+00 4.8845133616e+00 0.0000000000e+00 1.0000000000e+00
-7.6762782653e-02 -1.6341345399e+00 5.2622866844e+00 5.5107122616e+00 0.0000000000e+00 -5.4912033236e-02 1.4644129966e+00 4.2979221210e+00 4.5408870912e+00 0.0000000000e+00 1.0000000000e+00
1.9918287602e-01 -1.6396850139e+00 4.2688963275e+00 4.5773045429e+00 0.0000000000e+00 -2.3869564929e-01 1.4055081083e+00 4.9166671118e+00 5.1191839589e+00 0.0000000000e+00 1.0000000000e+00
-1.8130129071e-01 -1.4201434685e+00 4.0523959005e+00 4.2978588186e+00 0.0000000000e+00 -1.0341948450e-01 1.6768259527e+00 5.5769385101e+00 5.8244900440e+00 0.0000000000e+00 1.0000000000e+00
2.6178299431e-01 -1.6928370005e+00 4.9146083682e+00 5.2045752103e+00 0.0000000000e+00 2.6574018147e-01 1.4151141131e+00 4.3542517846e+00 4.5861394071e+00 0.0000000000e+00 1.0000000000e+00
8.2256891464e-02 -1.4153368370e+00 4.2681377706e+00 4.4974375869e+00 0.0000000000e+00 3.1717597299e-01 1.6870195609e+00 5.0965433138e+00 5.3778610625e+00 0.0000000000e+00 1.0000000000e+00
4.5986536503e-01 -1.5169286776e+00 4.5611715340e+00 4.8287508520e+00 0.0000000000e+00 -2.4758682723e-01 1.4947285911e+00 4.8564762088e+00 5.0873248595e+00 0.0000000000e+00 1.0000000000e+00
2.2208956495e-01 -1.4654821234e+00 4.5923463986e+00 4.8256198913e+00 0.0000000000e+00 -3.1997821506e-01 1.5865228435e+00 5.1178341811e+00 5.3676501150e+00 0.0000000000e+00 1.0000000000e+00
-3.2511230498e-02 -1.4156719823e+00 4.3965531658e+00 4.6189678655e+00 0.0000000000e+00 -2.2145347040e-01 1.6867127938e+00 4.9072980403e+00 5.1938055418e+00 0.0000000000e+00 1.0000000000e+00
-1.9155122319e-01 -1.5742392976e+00 4.2019282150e+00 4.4912272512e+00 0.0000000000e+00 1.2385640985e-01 1.5029783071e+00 4.4839684311e+00 4.7307776690e+00 0.0000000000e+00 1.0000000000e+00
4.2899757337e-01 -1.6802488016e+00 5.2966275666e+00 5.5732879697e+00 0.0000000000e+00 -1.8460065132e-01 1.3750048537e+00 4.2072067280e+00 4.4300456500e+00 0.0000000000e+00 1.0000000000e+00
-1.9386727208e-01 -1.6139244516e+00 4.6914313356e+00 4.9650644399e+00 0.0000000000e+00 -1.8791836088e-01 1.4855853733e+00 4.3749587666e+00 4.6241260452e+00 0.0000000000e+00 1.0000000000e+00
-5.2862388642e-01 -1.7571944771e+00 4.8556690060e+00 5.1908281999e+00 0.0000000000e+00 1.9207162892e-01 1.2841420799e+00 4.3075052030e+00 4.4989458462e+00 0.0000000000e+00 1.0000000000e+00
-3.5123713708e-01 -1.5831184764e+00 4.2859232129e+00 4.5824414545e+00 0.0000000000e+00 2.8705571934e-02 1.4606051785e+00 5.2677531129e+00 5.4665724743e+00 0.0000000000e+00 1.0000000000e+00
-3.5727082649e-01 -1.6842619709e+00 4.7024201346e+00 5.0077076805e+00 0.0000000000e+00 7.1437645589e-02 1.3956892415e+00 4.2618887055e+00 4.4851697175e+00 0.0000000000e+00 1.0000000000e+00
-2.6379379574e-01 -1.7454292750e+00 4.7473023122e+00 5.0648780860e+00 0.0000000000e+00 2.6460004162e-01 1.3203832693e+00 4.4340992726e+00 4.6340761517e+00 0.0000000000e+00 1.0000000000e+00
6.6660015135e-02 -1.6607496742e+00 4.3953292793e+00 4.6990906325e+00 0.0000000000e+00 7.4954358494e-02 1.4388444148e+00 4.3099505178e+00 4.5443993149e+00 0.0000000000e+00 1.0000000000e+00
2.3244199563e-01 -1.4751319217e+00 4.7690067520e+00 4.9973462087e+00 0.0000000000e+00 1.0456258509e-01 1.6206263139e+00 4.8841838190e+00 5.1470977087e+00 0.0000000000e+00 1.0000000000e+00
-2.7665409084e-01 -1.6997872123e+00 4.5111404353e+00 4.8286853637e+00 0.0000000000e+00 5.2633240613e-02 1.3933445388e+00 4.0482577702e+00 4.2816551119e+00 0.0000000000e+00 1.0000000000e+00
-1.4285467145e-01 -1.7189189102e+00 5.2008855272e+00 5.4794434211e+00 0.0000000000e+00 2.0015072271e-01 1.3758519354e+00 4.4467743825e+00 4.6590590820e+00 0.0000000000e+00 1.0000000000e+00
2.6606523093e-01 -1.3913510455e+00 4.5038901917e+00 4.7214060998e+00 0.0000000000e+00 1.3865702922e-01 1.7145259895e+00 4.9673197497e+00 5.2567186435e+00 0.0000000000e+00 1.0000000000e+00
-4.0212062587e-01 -1.5256285240e+00 3.9832669145e+00 4.2843504717e+00 0.0000000000e+00 2.9529174398e-01 1.4564233462e+00 5.1794883276e+00 5.3884567155e+00 0.0000000000e+00 1.0000000000e+00
1.2845964475e-01 -1.7765383302e+00 4.7893135431e+00 5.1098057492e+00 0.0000000000e+00 -8.5602909170e-02 1.3277644731e+00 4.4944394717e+00 4.6872457563e+00 0.0000000000e+00 1.0000000000e+00
-3.4298365687e-01 -1.7752348667e+00 5.1362740551e+00 5.4452188250e+00 0.0000000000e+00 2.2365944627e-01 1.3067477552e+00 3.9289502668e+00 4.1465966411e+00 0.0000000000e+00 1.0000000000e+00
-2.6098638585e-01 -1.7260618246e+00 4.5554243623e+00 4.8784520801e+00 0.0000000000e+00 1.5521041000e-01 1.3282836128e+00 4.9336822773e+00 5.1117168058e+00 0.0000000000e+00 1.0000000000e+00
-2.2153012236e-03 -1.6156472465e+00 4.8502374087e+00 5.1122523524e+00 0.0000000000e+00 -9.8738138905e-02 1.4822350805e+00 4.5845418058e+00 4.8192109192e+00 0.0000000000e+00 1.0000000000e+00
-1.4685320415e-01 -1.7855404648e+00 4.8747200654e+00 5.1935167846e+00 0.0000000000e+00 -6.1858757654e-02 1.3349841959e+00 4.2556306694e+00 4.4605383044e+00 0.0000000000e+00 1.0000000000e+00
-2.9942987390e-01 -1.5380947703e+00 5.0007398082e+00 5.2404954596e+00 0.0000000000e+00 -2.1503172644e-02 1.5443160957e+00 4.5644427361e+00 4.8186629206e+00 0.0000000000e+00 1.0000000000e+00
-1.5631188902e-01 -1.6277322175e+00 4.3130523821e+00 4.6126312112e+00 0.0000000000e+00 -6.1585381187e-02 1.4474773763e+00 5.0204229503e+00 5.2252875877e+00 0.0000000000e+00 1.0000000000e+00
-4.2461957908e-01 -1.5238262612e+00 4.2252684639e+00 4.5116784143e+00 0.0000000000e+00 3.7320869021e-02 1.5291369307e+00 4.8231933959e+00 5.0599256315e+00 0.0000000000e+00 1.0000000000e+00
3.6326288406e-01 -1.3166401137e+00 4.1241719157e+00 4.3444557039e+00 0.0000000000e+00 -1.8747157575e-01 1.7565451168e+00 5.1184411360e+00 5.4147055564e+00 0.0000000000e+00 1.0000000000e+00
3.5041304497e-01 -1.6682791456e+00 5.0176234202e+00 5.2992914298e+00 0.0000000000e+00 2.5380495217e-02 1.4224443176e+00 4.5123002496e+00 4.7312626020e+00 0.0000000000e+00 1.0000000000e+00
-3.9373599780e-02 -1.4768343883e+00 4.4705635727e+00 4.7083467384e+00 0.0000000000e+00 1.0655379151e-01 1.6200618052e+00 4.9635408500e+00 5.2223263010e+00 0.0000000000e+00 1.0000000000e+00
3.6061003709e-01 -1.5872232840e+00 4.3337153700e+00 4.6292987073e+00 0.0000000000e+00 1.6269661476e-01 1.4973650162e+00 4.6770551617e+00 4.9135951631e+00 0.0000000000e+00 1.0000000000e+00
3.0524299061e-01 -1.5668280186e+00 4.3667970794e+00 4.6494129002e+00 0.0000000000e+00 2.0562448335e-01 1.5255171795e+00 4.6506546827e+00 4.8987828419e+00 0.0000000000e+00 1.0000000000e+00
-2.9276924750e-01 -1.3775437795e+00 4.3859225891e+00 4.6064799919e+00 0.0000000000e+00 1.8660005930e-01 1.6964170632e+00 5.2087422522e+00 5.4812084932e+00 0.0000000000e+00 1.0000000000e+00
4.9028350617e-01 -1.5724500681e+00 4.6181462135e+00 4.9030859511e+00 0.0000000000e+00 1.6322757501e-02 1.4900935169e+00 4.4949355179e+00 4.7355137728e+00 0.0000000000e+00 1.0000000000e+00
-2.4809196615e-01 -1.7247707046e+00 4.5872330706e+00 4.9070450489e+00 0.0000000000e+00 2.8791221141e-01 1.3208670952e+00 4.7583160247e+00 4.9466306691e+00 0.0000000000e+00 1.0000000000e+00
-1.9111727071e-01 -1.6876288054e+00 4.6624629715e+00 4.9621747266e+00 0.0000000000e+00 7.7164428805e-02 1.3936781225e+00 4.8333521842e+00 5.0308634105e+00 0.0000000000e+00 1.0000000000e+00
1.9732818409e-01 -1.5974932965e+00 4.3699594414e+00 4.6569806769e+00 0.0000000000e+00 -8.7983059168e-02 1.4559012685e+00 5.4095150251e+00 5.6026995806e+00 0.0000000000e+00 1.0000000000e+00
-2.9353621967e-01 -1.5206316278e+00 4.5701436929e+00 4.8254220224e+00 0.0000000000e+00 2.2198609052e-01 1.5261330583e+00 5.2331148010e+00 5.4556256028e+00 0.0000000000e+00 1.0000000000e+00
-3.1045608210e-01 -1.5308972483e+00 4.1718363341e+00 4.4546883195e+00 0.0000000000e+00 -1.9980461150e-03 1.5148222658e+00 5.5724859650e+00 5.7747112985e+00 0.0000000000e+00 1.0000000000e+00
1.1484488300e-01 -1.7164116054e+00 4.7574116631e+00 5.0588757782e+00 0.0000000000e+00 -4.6153423165e-02 1.3747769251e+00 4.8558420149e+00 5.0469142718e+00 0.0000000000e+00 1.0000000000e+00
4.4730696505e-01 -1.5649888173e+00 4.4210310518e+00 4.7111346129e+00 0.0000000000e+00 1.8714958769e-01 1.5158026408e+00 4.7595166474e+00 4.9985679541e+00 0.0000000000e+00 1.0000000000e+00
-3.9667688522e-01 -1.4791288849e+00 4.6971770602e+00 4.9405108446e+00 0.0000000000e+00 3.0311353114e-01 1.5377997854e+00 4.8909584620e+00 5.1359693273e+00 0.0000000000e+00 1.0000000000e+00
5.2816891720e-01 -1.5880725156e+00 4.7753919352e+00 5.0601684869e+00 0.0000000000e+00 5.2657649993e-03 1.4701858514e+00 4.4180393631e+00 4.6562373481e+00 0.0000000000e+00 1.0000000000e+00
3.0893457020e-01 -1.6041466049e+00 4.6549001652e+00 4.9332365347e+00 0.0000000000e+00 6.8620794880e-02 1.4785645679e+00 4.9317210289e+00 5.1490518120e+00 0.0000000000e+00 1.0000000000e+00
-2.5793305438e-01 -1.5401606949e+00 3.9967658133e+00 4.2910093981e+00 0.0000000000e+00 6.0117067015e-02 1.5233535820e+00 4.8776549090e+00 5.1103559435e+00 0.0000000000e+00 1.0000000000e+00
8.5183968475e-02 -1.6210522872e+00 4.7728274925e+00 5.0413241673e+00 0.0000000000e+00 -1.1786495824e-01 1.4720676990e+00 4.5270709313e+00 4.7618533090e+00 0.0000000000e+00 1.0000000000e+00
-4.2456237633e-01 -1.4203501964e+00 4.0649911388e+00 4.3268696665e+00 0.0000000000e+00 2.2915570479e-01 1.6088327948e+00 4.7361476077e+00 5.0071898029e+00 0.0000000000e+00 1.0000000000e+00
7.2161753064e-02 -1.5766712474e+00 4.5187211225e+00 4.7864329500e+00 0.0000000000e+00 2.1163969882e-01 1.5055636932e+00 5.2368435736e+00 5.4530765878e+00 0.0000000000e+00 1.0000000000e+00
-1.7252983037e-02 -1.7724250334e+00 4.8961838201e+00 5.2071493570e+00 0.0000000000e+00 -2.1562899494e-01 1.3351877650e+00 4.4760060169e+00 4.6758798482e+00 0.0000000000e+00 1.0000000000e+00
-2.9662119294e-01 -1.5959891842e+00 4.7423683507e+00 5.0125067026e+00 0.0000000000e+00 -2.6844040442e-01 1.5020037453e+00 4.5954782991e+00 4.8421582543e+00 0.0000000000e+00 1.0000000000e+00
-3.2036518930e-01 -1.4100461784e+00 4.1182624344e+00 4.3647393759e+00 0.0000000000e+00 1.1019654616e-01 1.6601525557e+00 5.2964509814e+00 5.5516342681e+00 0.0000000000e+00 1.0000000000e+00
1.0213696629e-01 -1.5998917517e+00 5.1391069220e+00 5.3833545113e+00 0.0000000000e+00 -2.9222291156e-02 1.4949766346e+00 4.5272470475e+00 4.7677851430e+00 0.0000000000e+00 1.0000000000e+00
-2.8223930899e-01 -1.6052560125e+00 4.5240506756e+00 4.8086942791e+00 0.0000000000e+00 -7.1540035482e-02 1.4851603396e+00 4.5010056589e+00 4.7402395945e+00 0.0000000000e+00 1.0000000000e+00
2.2105945785e-01 -1.4272943869e+00 4.4162337005e+00 4.6464133382e+00 0.0000000000e+00 -1.5008428108e-01 1.6539932251e+00 5.3445557080e+00 5.5966503248e+00 0.0000000000e+00 1.0000000000e+00
4.4173953717e-02 -1.4255323401e+00 4.3768111015e+00 4.6033215693e+00 0.0000000000e+00 -1.3321006296e-01 1.6758533387e+00 4.8975361514e+00 5.1780391993e+00 0.0000000000e+00 1.0000000000e+00
2.4749356225e-01 -1.5794365431e+00 4.4496746570e+00 4.7281579575e+00 0.0000000000e+00 1.5439484407e-01 1.5046003643e+00 5.0866532895e+00 5.3067600259e+00 0.0000000000e+00 1.0000000000e+00
-9.7530363451e-02 -1.8244675421e+00 5.2706302545e+00 5.5783274845e+00 0.0000000000e+00 1.7031889859e-02 1.3108216825e+00 4.1007355251e+00 4.3051800981e+00 0.0000000000e+00 1.0000000000e+00
-1.9569892187e-01 -1.6511939306e+00 4.4199005206e+00 4.7223151459e+00 0.0000000000e+00 1.1749214206e-01 1.4248377381e+00 4.6404513289e+00 4.8556931308e+00 0.0000000000e+00 1.0000000000e+00
1.0285429663e-01 -1.5178461467e+00 4.6179833227e+00 4.8621195132e+00 0.0000000000e+00 2.3714990830e-01 1.5770185808e+00 4.8702768729e+00 5.1247267989e+00 0.0000000000e+00 1.0000000000e+00
-3.0526752864e-01 -1.3346069199e+00 4.1597341248e+00 4.3792410466e+00 0.0000000000e+00 3.0256683248e-01 1.7260951292e+00 5.2439704400e+00 5.5290304141e+00 0.0000000000e+00 1.0000000000e+00
3.5701825089e-01 -1.4015693371e+00 4.4277423797e+00 4.6579782610e+00 0.0000000000e+00 6.2650813749e-02 1.6907638194e+00 5.0238860928e+00 5.3011356474e+00 0.0000000000e+00 1.0000000000e+00
4.9954515886e-01 -1.6105911716e+00 4.7003996739e+00 4.9937267289e+00 0.0000000000e+00 -1.1124588981e-01 1.4290494172e+00 4.5938707825e+00 4.8122974671e+00 0.0000000000e+00 1.0000000000e+00
-2.1041881616e-01 -1.7140108884e+00 5.2626514267e+00 5.5387371940e+00 0.0000000000e+00 3.2190514781e-02 1.3914099934e+00 4.1656799844e+00 4.3920323306e+00 0.0000000000e+00 1.0000000000e+00
1.0784465776e-01 -1.6794144111e+00 5.2102337136e+00 5.4752715774e+00 0.0000000000e+00 -2.4030131884e-01 1.4063458037e+00 4.0824916748e+00 4.3246146394e+00 0.0000000000e+00 1.0000000000e+00
-2.4613427286e-01 -1.6962237636e+00 4.4317889979e+00 4.7516850821e+00 0.0000000000e+00 -1.1831614672e-01 1.3832074565e+00 4.8597963695e+00 5.0541945542e+00 0.0000000000e+00 1.0000000000e+00
1.4200687362e-01 -1.8467979815e+00 5.0493415631e+00 5.3783528351e+00 0.0000000000e+00 -1.7481823341e-01 1.2790926101e+00 3.9947529196e+00 4.1981770413e+00 0.0000000000e+00 1.0000000000e+00
2.4671613355e-01 -1.4040324297e+00 4.2611672320e+00 4.4932974923e+00 0.0000000000e+00 2.1527631426e-01 1.7061629181e+00 4.9499518766e+00 5.2401679016e+00 0.0000000000e+00 1.0000000000e+00
-1.1516802719e-01 -1.8743318554e+00 5.2746334576e+00 5.5989411456e+00 0.0000000000e+00 2.0949034329e-01 1.2596373262e+00 3.9934784092e+00 4.1926653174e+00 0.0000000000e+00 1.0000000000e+00
3.5323594767e-01 -1.5515607828e+00 4.2330803983e+00 4.5222877415e+00 0.0000000000e+00 -2.3740853546e-01 1.4776084757e+00 4.8025029418e+00 5.0302807464e+00 0.0000000000e+00 1.0000000000e+00
-4.1490436485e-01 -1.4934776394e+00 4.0835031155e+00 4.3677933842e+00 0.0000000000e+00 -5.4407380191e-02 1.5718721426e+00 4.9254920718e+00 5.1705139596e+00 0.0000000000e+00 1.0000000000e+00
-1.3349139159e-01 -1.6320386988e+00 4.3324889159e+00 4.6316121095e+00 0.0000000000e+00 -1.8802295601e-01 1.4468431759e+00 4.9808890842e+00 5.1901795863e+00 0.0000000000e+00 1.0000000000e+00
-2.7017317815e-01 -1.4597007605e+00 4.2553996907e+00 4.5068998930e+00 0.0000000000e+00 2.2956024112e-01 1.5889604478e+00 5.4468494419e+00 5.6785264209e+00 0.0000000000e+00 1.0000000000e+00
-5.8835524020e-02 -1.5475699640e+00 4.1583033646e+00 4.4373327062e+00 0.0000000000e+00 -5.3395310674e-03 1.5281449051e+00 5.2414809212e+00 5.4597049251e+00 0.0000000000e+00 1.0000000000e+00
8.6508438282e-02 -1.8454311585e+00 5.2633411270e+00 5.5781591901e+00 0.0000000000e+00 1.5235889259e-01 1.2960599810e+00 4.0038597730e+00 4.2111611284e+00 0.0000000000e+00 1.0000000000e+00
-1.5317558923e-01 -1.7538809379e+00 4.8169987684e+00 5.1286487988e+00 0.0000000000e+00 7.9805758402e-02 1.3566181077e+00 4.1219638990e+00 4.3402037158e+00 0.0000000000e+00 1.0000000000e+00
-1.6497721686e-01 -1.5320153794e+00 4.5539269520e+00 4.8075502650e+00 0.0000000000e+00 -1.1529008597e-01 1.5644404494e+00 4.7453167737e+00 4.9978792770e+00 0.0000000000e+00 1.0000000000e+00
2.2841956096e-02 -1.6488662394e+00 5.2480987970e+00 5.5010747018e+00 0.0000000000e+00 2.6760195413e-02 1.4526472206e+00 4.3205752758e+00 4.5583188821e+00 0.0000000000e+00 1.0000000000e+00
1.4816624238e-01 -1.8253950517e+00 5.1759784749e+00 5.4904256451e+00 0.0000000000e+00 1.4368284712e-01 1.3131356860e+00 3.8167551614e+00 4.0388847859e+00 0.0000000000e+00 1.0000000000e+00
-1.7537509474e-01 -1.4608127681e+00 4.5466858568e+00 4.7788160572e+00 0.0000000000e+00 -7.2505975604e-02 1.6389095357e+00 4.9805937799e+00 5.2438150467e+00 0.0000000000e+00 1.0000000000e+00
-3.9723111530e-03 -1.4605044554e+00 4.6346788819e+00 4.8593556819e+00 0.0000000000e+00 -8.7243937124e-02 1.6402876121e+00 5.0484575415e+00 5.3089621175e+00 0.0000000000e+00 1.0000000000e+00
-4.8045697735e-02 -1.4794028799e+00 4.1610957834e+00 4.4165212158e+00 0.0000000000e+00 -1.6436289791e-02 1.6110856283e+00 5.3209639427e+00 5.5595435599e+00 0.0000000000e+00 1.0000000000e+00
3.2516836903e-01 -1.7598830865e+00 4.9675717217e+00 5.2801223488e+00 0.0000000000e+00 -3.4410794028e-02 1.3427066804e+00 4.2338449283e+00 4.4417888818e+00 0.0000000000e+00 1.0000000000e+00
5.1181886974e-02 -1.4930101765e+00 3.9463275367e+00 4.2196208669e+00 0.0000000000e+00 6.3414600023e-02 1.5649012728e+00 5.8047378887e+00 6.0123139990e+00 0.0000000000e+00 1.0000000000e+00
-2.7198654950e-01 -1.4746108411e+00 4.4390165426e+00 4.6854372200e+00 0.0000000000e+00 2.9137627207e-01 1.5692537675e+00 5.1724181890e+00 5.4130737758e+00 0.0000000000e+00 1.0000000000e+00
5.1864351570e-02 -1.5023526479e+00 4.3673093702e+00 4.6187817426e+00 0.0000000000e+00 1.5346845142e-01 1.5888340258e+00 5.2532099563e+00 5.4903698631e+00 0.0000000000e+00 1.0000000000e+00
-3.1232033437e-01 -1.4034586208e+00 4.3622294743e+00 4.5930693811e+00 0.0000000000e+00 1.3787889554e-01 1.6697644530e+00 5.0703637555e+00 5.3400105611e+00 0.0000000000e+00 1.0000000000e+00
-2.8987717810e-02 -1.6612989380e+00 4.8422540236e+00 5.1193924190e+00 0.0000000000e+00 3.4635151908e-02 1.4404798844e+00 4.5579526693e+00 4.7802839548e+00 0.0000000000e+00 1.0000000000e+00
-1.9407984038e-01 -1.5228426726e+00 4.7898414870e+00 5.0298408048e+00 0.0000000000e+00 1.4241706846e-01 1.5558423765e+00 4.8386161713e+00 5.0845978047e+00 0.0000000000e+00 1.0000000000e+00
-1.1239149073e-01 -1.4744924896e+00 4.2368125138e+00 4.4874648174e+00 0.0000000000e+00 -6.0937265682e-02 1.6224263943e+00 5.1002845755e+00 5.3524652047e+00 0.0000000000e+00 1.0000000000e+00
3.6639707223e-01 -1.6548138595e+00 4.2775941372e+00 4.6011376406e+00 0.0000000000e+00 -2.4949330470e-01 1.3702284698e+00 4.5953331826e+00 4.8017559589e+00 0.0000000000e+00 1.0000000000e+00
-2.5195606340e-01 -1.4320997593e+00 4.1525290619e+00 4.3997601582e+00 0.0000000000e+00 1.4168426966e-01 1.6395078724e+00 5.3642766895e+00 5.6110181927e+00 0.0000000000e+00 1.0000000000e+00
9.0904054786e-02 -1.5228681368e+00 4.7005940473e+00 4.9419607007e+00 0.0000000000e+00 -2.8133968563e-02 1.5709973950e+00 5.1198808244e+00 5.3555582578e+00 0.0000000000e+00 1.0000000000e+00
-2.2158032210e-01 -1.5733381155e+00 4.0652391499e+00 4.3647062068e+00 0.0000000000e+00 -9.5005087416e-02 1.4925594069e+00 5.1284294489e+00 5.3420547005e+00 0.0000000000e+00 1.0000000000e+00
-3.0520829126e-01 -1.4647712172e+00 4.7079147505e+00 4.9399563135e+00 0.0000000000e+00 1.9090153632e-01 1.5921400032e+00 4.6894665223e+00 4.9560518269e+00 0.0000000000e+00 1.0000000000e+00
3.1918409907e-01 -1.5545970768e+00 4.5719641385e+00 4.8395771412e+00 0.0000000000e+00 -3.0053987929e-01 1.4764307389e+00 4.8457240038e+00 5.0745653339e+00 0.0000000000e+00 1.0000000000e+00
-5.7557576834e-02 -1.8183946999e+00 4.9913905206e+00 5.3126125164e+00 0.0000000000e+00 2.1252850964e-01 1.3057561814e+00 3.7906599762e+00 4.0148811800e+00 0.0000000000e+00 1.0000000000e+00
3.4397380649e-01 -1.3592122593e+00 4.0850536229e+00 4.3189627584e+00 0.0000000000e+00 -1.8578429663e-01 1.7082471404e+00 5.1143566817e+00 5.3953006057e+00 0.0000000000e+00 1.0000000000e+00
-8.7228063088e-02 -1.5794644249e+00 4.4505830327e+00 4.7233469274e+00 0.0000000000e+00 -6.7882565786e-02 1.5118430713e+00 4.8708724032e+00 5.1005564152e+00 0.0000000000e+00 1.0000000000e+00
-4.1173859044e-01 -1.4938986932e+00 3.9879797889e+00 4.2784629284e+00 0.0000000000e+00 8.2211973033e-02 1.5500077614e+00 4.8548972688e+00 5.0969903492e+00 0.0000000000e+00 1.0000000000e+00
-6.4036640124e-04 -1.5384293824e+00 4.9692555934e+00 5.2019483646e+00 0.0000000000e+00 2.1478387738e-01 1.5466878804e+00 4.5108231485e+00 4.7734579973e+00 0.0000000000e+00 1.0000000000e+00
-3.8168059736e-02 -1.6623515965e+00 4.4983181126e+00 4.7958039716e+00 0.0000000000e+00 8.1693666352e-02 1.4101758111e+00 5.1805660449e+00 5.3696866278e+00 0.0000000000e+00 1.0000000000e+00
-3.5767431219e-01 -1.6801874228e+00 5.0190890392e+00 5.3049237256e+00 0.0000000000e+00 2.3223020433e-01 1.3759633868e+00 4.3127671866e+00 4.5328983197e+00 0.0000000000e+00 1.0000000000e+00
5.2685131448e-01 -1.6690953013e+00 5.0708326459e+00 5.3644007509e+00 0.0000000000e+00 -3.9611586959e-02 1.3951015850e+00 4.2691602591e+00 4.4915038783e+00 0.0000000000e+00 1.0000000000e+00
-4.3957938982e-01 -1.5851235919e+00 4.9578180915e+00 5.2235818489e+00 0.0000000000e+00 1.5465996391e-01 1.4584593147e+00 4.6620421661e+00 4.8872958470e+00 0.0000000000e+00 1.0000000000e+00
2.7256260364e-01 -1.5350635518e+00 4.3792942938e+00 4.6485405510e+00 0.0000000000e+00 1.7662057656e-02 1.5426092732e+00 5.0741206562e+00 5.3034569870e+00 0.0000000000e+00 1.0000000000e+00
-1.9928695445e-01 -1.4736156743e+00 4.7172527860e+00 4.9460825462e+00 0.0000000000e+00 2.7949043478e-02 1.6170221807e+00 4.9101554872e+00 5.1696391606e+00 0.0000000000e+00 1.0000000000e+00
2.0164706629e-01 -1.5244972991e+00 4.0160831069e+00 4.3004275761e+00 0.0000000000e+00 -4.3285081902e-02 1.5322095843e+00 5.3832513381e+00 5.5972256556e+00 0.0000000000e+00 1.0000000000e+00
1.9751480316e-01 -1.7087442953e+00 4.9699786813e+00 5.2592306964e+00 0.0000000000e+00 -1.0181506193e-01 1.3907914539e+00 4.0695648027e+00 4.3018629825e+00 0.0000000000e+00 1.0000000000e+00
-2.3109815513e-01 -1.6069838190e+00 4.7526143870e+00 5.0222651388e+00 0.0000000000e+00 1.3498291524e-01 1.4635957593e+00 5.0230298443e+00 5.2336566578e+00 0.0000000000e+00 1.0000000000e+00
4.0785671979e-01 -1.5825151153e+00 4.3015392537e+00 4.6015151207e+00 0.0000000000e+00 -2.2615955839e-01 1.4380411073e+00 4.7418782784e+00 4.9602943703e+00 0.0000000000e+00 1.0000000000e+00
8.6544300325e-02 -1.8413192823e+00 5.2025314628e+00 5.5194456694e+00 0.0000000000e+00 -1.5434197476e-01 1.2924977006e+00 3.8643688993e+00 4.0777100194e+00 0.0000000000e+00 1.0000000000e+00
3.1315547412e-01 -1.5022822507e+00 3.9703848352e+00 4.2566271052e+00 0.0000000000e+00 1.2575237970e-01 1.5815547234e+00 4.7679940895e+00 5.0250270549e+00 0.0000000000e+00 1.0000000000e+00
-4.4014435104e-01 -1.6980615346e+00 4.7892696592e+00 5.1004160766e+00 0.0000000000e+00 2.7751386982e-01 1.3176882743e+00 4.7762422885e+00 4.9624396213e+00 0.0000000000e+00 1.0000000000e+00
-9.2368637695e-02 -1.5777728816e+00 4.9644192467e+00 5.2099287855e+00 0.0000000000e+00 2.0530798737e-01 1.5053633125e+00 4.8299090453e+00 5.0632293765e+00 0.0000000000e+00 1.0000000000e+00
3.2068431128e-01 -1.3603585937e+00 3.9986903506e+00 4.2359106119e+00 0.0000000000e+00 -7.1666777897e-02 1.7287943881e+00 5.1877371855e+00 5.4686820652e+00 0.0000000000e+00 1.0000000000e+00
1.6719138131e-01 -1.7111434859e+00 4.7743161434e+00 5.0744516833e+00 0.0000000000e+00 -8.2820426739e-02 1.3787648425e+00 4.7325266788e+00 4.9299757343e+00 0.0000000000e+00 1.0000000000e+00
3.2785291058e-01 -1.7421965002e+00 4.5467833148e+00 4.8801613651e+00 0.0000000000e+00 -1.5927635356e-01 1.3156177528e+00 4.6320371924e+00 4.8178820909e+00 0.0000000000e+00 1.0000000000e+00
1.0783281047e-01 -1.6001107394e+00 4.3021334440e+00 4.5913325652e+00 0.0000000000e+00 7.6062969923e-02 1.4892482909e+00 4.7184236239e+00 4.9484510509e+00 0.0000000000e+00 1.0000000000e+00
3.3061669766e-01 -1.3797494075e+00 4.3641276346e+00 4.5889678687e+00 0.0000000000e+00 -2.0008455686e-01 1.6837720208e+00 5.1208797955e+00 5.3943055335e+00 0.0000000000e+00 1.0000000000e+00
-1.6961548506e-01 -1.4746582284e+00 4.4706789331e+00 4.7106641451e+00 0.0000000000e+00 1.2846149612e-01 1.6106166489e+00 4.9324461812e+00 5.1903385186e+00 0.0000000000e+00 1.0000000000e+00
1.5613540719e-01 -1.6107417188e+00 5.0311344791e+00 5.2849958901e+00 0.0000000000e+00 -7.3195206996e-02 1.4805512557e+00 4.6922137918e+00 4.9207987246e+00 0.0000000000e+00 1.0000000000e+00
-2.4951875804e-01 -1.5977704977e+00 4.9362388807e+00 5.1943801095e+00 0.0000000000e+00 6.5060649704e-02 1.4850086338e+00 4.3138466755e+00 4.5627576017e+00 0.0000000000e+00 1.0000000000e+00
-1.8405882288e-02 -1.5873337117e+00 4.1250187191e+00 4.4199261061e+00 0.0000000000e+00 -1.5988458320e-01 1.4956349346e+00 4.7042286029e+00 4.9388514806e+00 0.0000000000e+00 1.0000000000e+00
-1.0496715861e-01 -1.5241252450e+00 3.9923522278e+00 4.2746757115e+00 0.0000000000e+00 2.0008358265e-01 1.5232413993e+00 5.5005021082e+00 5.7110263092e+00 0.0000000000e+00 1.0000000000e+00
-1.3132436260e-01 -1.3883729842e+00 4.2697835477e+00 4.4917566093e+00 0.0000000000e+00 6.7854316592e-02 1.7191688779e+00 5.1765913472e+00 5.4550200802e+00 0.0000000000e+00 1.0000000000e+00
-1.6717233290e-02 -1.8655860767e+00 4.8778898050e+00 5.2224994099e+00 0.0000000000e+00 1.8683924708e-01 1.2640305848e+00 4.1499232442e+00 4.3421821032e+00 0.0000000000e+00 1.0000000000e+00
-5.5977230273e-02 -1.6717148133e+00 4.9283339527e+00 5.2044442237e+00 0.0000000000e+00 -1.2607099168e-01 1.4331249205e+00 4.1619929579e+00 4.4036265254e+00 0.0000000000e+00 1.0000000000e+00
-1.0691192772e-01 -1.4672830897e+00 4.3559629430e+00 4.5976910779e+00 0.0000000000e+00 -8.1459905556e-02 1.6322698789e+00 5.1723577150e+00 5.4244101308e+00 0.0000000000e+00 1.0000000000e+00
-3.9787255278e-01 -1.7301951473e+00 5.0095327666e+00 5.3148185874e+00 0.0000000000e+00 1.6087602940e-01 1.3347577466e+00 4.5437338971e+00 4.7384572730e+00 0.0000000000e+00 1.0000000000e+00
8.7877635099e-02 -1.6503249178e+00 4.4518074514e+00 4.7486718837e+00 0.0000000000e+00 8.1281333834e-03 1.4281858197e+00 5.0452855320e+00 5.2435376572e+00 0.0000000000e+00 1.0000000000e+00
-2.5144178299e-02 -1.7105110576e+00 4.7834052215e+00 5.0801029597e+00 0.0000000000e+00 -1.3850516434e-01 1.3827287182e+00 4.8831004088e+00 5.0769865326e+00 0.0000000000e+00 1.0000000000e+00
6.7377298632e-02 -1.5104243293e+00 4.6372323199e+00 4.8774834910e+00 0.0000000000e+00 -2.2568717924e-01 1.5733953483e+00 4.7665903227e+00 5.0246284630e+00 0.0000000000e+00 1.0000000000e+00
2.2731036646e-01 -1.6658822917e+00 4.5016633985e+00 4.8053935767e+00 0.0000000000e+00 1.3158083356e-01 1.4299537918e+00 4.5273314932e+00 4.7496117813e+00 0.0000000000e+00 1.0000000000e+00
-2.4166153272e-01 -1.5417045675e+00 4.2166429447e+00 4.4961462670e+00 0.0000000000e+00 -1.1814209766e-01 1.5289407342e+00 5.3767367786e+00 5.5911462126e+00 0.0000000000e+00 1.0000000000e+00
-1.1609338137e-02 -1.6840019665e+00 4.7691162961e+00 5.0577137035e+00 0.0000000000e+00 -6.4670151112e-02 1.4106983683e+00 4.8751628350e+00 5.0755753411e+00 0.0000000000e+00 1.0000000000e+00
1.1351478508e-01 -1.6415120204e+00 4.3841478483e+00 4.6827555922e+00 0.0000000000e+00 4.5716231476e-02 1.4486649004e+00 4.6600629506e+00 4.8802568510e+00 0.0000000000e+00 1.0000000000e+00
-1.8572345897e-01 -1.7253122731e+00 4.8983130768e+00 5.1966014762e+00 0.0000000000e+00 -2.0330866029e-01 1.3867331854e+00 4.3229666010e+00 4.5444915924e+00 0.0000000000e+00 1.0000000000e+00
-2.2991752454e-01 -1.6704791906e+00 4.9708556158e+00 5.2490731190e+00 0.0000000000e+00 8.9422503560e-02 1.4176329956e+00 4.6426799066e+00 4.8551165455e+00 0.0000000000e+00 1.0000000000e+00
-1.8302575901e-01 -1.5734548106e+00 4.5921004081e+00 4.8576377890e+00 0.0000000000e+00 2.2964328047e-01 1.4916141391e+00 4.9366885596e+00 5.1622226774e+00 0.0000000000e+00 1.0000000000e+00
3.5839732737e-01 -1.6986359159e+00 4.8594773627e+00 5.1602648303e+00 0.0000000000e+00 6.5810884827e-02 1.4010791188e+00 4.1753919645e+00 4.4046852428e+00 0.0000000000e+00 1.0000000000e+00
3.5835588032e-01 -1.6285443649e+00 4.7130287088e+00 4.9993215096e+00 0.0000000000e+00 -1.9716057434e-01 1.4189486697e+00 4.7164708114e+00 4.9292377500e+00 0.0000000000e+00 1.0000000000e+00
-1.1069529536e-01 -1.4989938217e+00 4.0780585586e+00 4.3462395004e+00 0.0000000000e+00 -1.5779357769e-01 1.5914381637e+00 5.0309359900e+00 5.2790047773e+00 0.0000000000e+00 1.0000000000e+00
-3.0076767270e-02 -1.7974675635e+00 4.8308690261e+00 5.1545213223e+00 0.0000000000e+00 9.9941658393e-02 1.3198558495e+00 4.3209280731e+00 4.5191179972e+00 0.0000000000e+00 1.0000000000e+00
1.5156110704e-01 -1.5104630927e+00 4.2520655806e+00 4.5149231983e+00 0.0000000000e+00 -1.1199325535e-02 1.5634879495e+00 5.5278905195e+00 5.7447535935e+00 0.0000000000e+00 1.0000000000e+00
4.0721190935e-01 -1.4008224755e+00 4.1214045753e+00 4.3719676441e+00 0.0000000000e+00 -2.0666582310e-01 1.6389913016e+00 5.0109762511e+00 5.2762568644e+00 0.0000000000e+00 1.0000000000e+00
4.0280711366e-02 -1.3940003581e+00 4.3616487577e+00 4.5791745633e+00 0.0000000000e+00 -5.8914393318e-02 1.7167695544e+00 5.0432670550e+00 5.3277867316e+00 0.0000000000e+00 1.0000000000e+00
2.8475604816e-01 -1.6252100320e+00 4.6637956350e+00 4.9470580795e+00 0.0000000000e+00 7.0917405768e-03 1.4592462762e+00 4.6941809059e+00 4.9157689760e+00 0.0000000000e+00 1.0000000000e+00
1.2069968575e-01 -1.7851228151e+00 5.2529403204e+00 5.5492895176e+00 0.0000000000e+00 -1.1427605973e-01 1.3348914035e+00 4.0877622687e+00 4.3017199703e+00 0.0000000000e+00 1.0000000000e+00
-5.2560480230e-01 -1.6920520916e+00 4.7774582350e+00 5.0954301229e+00 0.0000000000e+00 8.2395357753e-02 1.3673572182e+00 4.0936029170e+00 4.3167163285e+00 0.0000000000e+00 1.0000000000e+00
-1.6893422676e-01 -1.5565932491e+00 4.4503091049e+00 4.7177084168e+00 0.0000000000e+00 2.1015303719e-01 1.5127233256e+00 4.8648486503e+00 5.0989458529e+00 0.0000000000e+00 1.0000000000e+00
-4.2332015985e-01 -1.3077338312e+00 4.0110936322e+00 4.2400754850e+00 0.0000000000e+00 2.9890970809e-01 1.7274510980e+00 5.1734320779e+00 5.4624018559e+00 0.0000000000e+00 1.0000000000e+00
-2.4659065975e-01 -1.7481521941e+00 5.1169851332e+00 5.4129825570e+00 0.0000000000e+00 -8.0676151196e-02 1.3668274071e+00 4.3381864146e+00 4.5491304039e+00 0.0000000000e+00 1.0000000000e+00
-3.6152635042e-01 -1.4397655233e+00 4.3238817040e+00 4.5716057699e+00 0.0000000000e+00 1.0312687952e-01 1.6191566953e+00 5.3829547729e+00 5.6221442444e+00 0.0000000000e+00 1.0000000000e+00
1.4825186072e-01 -1.6598920405e+00 4.7864075271e+00 5.0682262654e+00 0.0000000000e+00 8.1439848016e-02 1.4395095368e+00 4.6634555129e+00 4.8812537055e+00 0.0000000000e+00 1.0000000000e+00
-3.4962777535e-01 -1.5832139530e+00 4.2805302588e+00 4.5773076759e+00 0.0000000000e+00 1.7493737449e-01 1.4425248273e+00 5.1635125675e+00 5.3640789758e+00 0.0000000000e+00 1.0000000000e+00
1.1897693961e-01 -1.7798338330e+00 4.9536669221e+00 5.2650527273e+00 0.0000000000e+00 4.9505672719e-02 1.3396654798e+00 4.3435849845e+00 4.5457546335e+00 0.0000000000e+00 1.0000000000e+00
-2.2775733685e-01 -1.5815804783e+00 4.3093448563e+00 4.5960552178e+00 0.0000000000e+00 1.1573529755e-01 1.4879250352e+00 4.7728170812e+00 5.0007098218e+00 0.0000000000e+00 1.0000000000e+00
-3.6415547433e-01 -1.6090606698e+00 5.2491890043e+00 5.5023332245e+00 0.0000000000e+00 1.8901006942e-01 1.4435731211e+00 4.4397364480e+00 4.6723535987e+00 0.0000000000e+00 1.0000000000e+00
3.8145722626e-01 -1.5573381048e+00 4.5257052358e+00 4.8013352029e+00 0.0000000000e+00 -2.6495733872e-01 1.4728353359e+00 4.3719307044e+00 4.6209549514e+00 0.0000000000e+00 1.0000000000e+00
2.6553880919e-01 -1.6182148335e+00 5.0309443978e+00 5.2914583908e+00 0.0000000000e+00 -4.1752431488e-02 1.4676530947e+00 4.3307496572e+00 4.5728701847e+00 0.0000000000e+00 1.0000000000e+00
2.6594409355e-01 -1.4669400971e+00 4.2575003333e+00 4.5109809198e+00 0.0000000000e+00 -3.7905157043e-02 1.6098144403e+00 5.3221795529e+00 5.5604437581e+00 0.0000000000e+00 1.0000000000e+00
2.8349609414e-01 -1.6346528506e+00 4.2699475697e+00 4.5809292165e+00 0.0000000000e+00 -1.2620781469e-01 1.4057032516e+00 5.0843548843e+00 5.2766082757e+00 0.0000000000e+00 1.0000000000e+00
-2.9914034044e-01 -1.6507325943e+00 5.1124992606e+00 5.3807111047e+00 0.0000000000e+00 1.9260696242e-02 1.4384551428e+00 4.2093271173e+00 4.4483659038e+00 0.0000000000e+00 1.0000000000e+00
-2.0347470669e-02 -1.6002932285e+00 4.3412565045e+00 4.6268629475e+00 0.0000000000e+00 -3.0445601904e-01 1.4607363908e+00 5.2733547978e+00 5.4803937226e+00 0.0000000000e+00 1.0000000000e+00
-3.4468535465e-01 -1.5051768728e+00 4.1354318762e+00 4.4143133640e+00 0.0000000000e+00 2.3538204595e-01 1.5329529389e+00 4.6213107230e+00 4.8746140852e+00 0.0000000000e+00 1.0000000000e+00
-1.7091021765e-01 -1.5046028612e+00 3.9631964332e+00 4.2426367157e+00 0.0000000000e+00 2.7219296431e-01 1.5520947228e+00 4.8435815899e+00 5.0934634501e+00 0.0000000000e+00 1.0000000000e+00
3.1840092891e-01 -1.8087026437e+00 5.1877401869e+00 5.5032202312e+00 0.0000000000e+00 5.1394904268e-02 1.3186743800e+00 3.9335648062e+00 4.1490331286e+00 0.0000000000e+00 1.0000000000e+00
-2.7551413255e-01 -1.5652321296e+00 4.3965446482e+00 4.6749828622e+00 0.0000000000e+00 1.0424110502e-01 1.4909061902e+00 5.2112644725e+00 5.4213416364e+00 0.0000000000e+00 1.0000000000e+00
-3.0523272463e-01 -1.4923712419e+00 4.1046098357e+00 4.3781458523e+00 0.0000000000e+00 4.4796786041e-02 1.5742694535e+00 5.0606339493e+00 5.3000327635e+00 0.0000000000e+00 1.0000000000e+00
-6.5483501943e-02 -1.6231024045e+00 4.4833929911e+00 4.7686017319e+00 0.0000000000e+00 1.6119925584e-01 1.4614485271e+00 4.7182057302e+00 4.9419917615e+00 0.0000000000e+00 1.0000000000e+00
5.6775504255e-02 -1.5873368129e+00 5.0308161674e+00 5.2756016896e+00 0.0000000000e+00 4.9853372749e-02 1.5105312124e+00 4.7784072972e+00 5.0117229035e+00 0.0000000000e+00 1.0000000000e+00
8.0402372200e-03 -1.7839855513e+00 4.8790757267e+00 5.1950023389e+00 0.0000000000e+00 1.5305195811e-02 1.3280111417e+00 4.5738530423e+00 4.7627701766e+00 0.0000000000e+00 1.0000000000e+00
-2.9592717044e-01 -1.5635193830e+00 4.7758621497e+00 5.0339870168e+00 0.0000000000e+00 3.9303328498e-02 1.5159075785e+00 4.6622966273e+00 4.9027064607e+00 0.0000000000e+00 1.0000000000e+00
-2.3740391823e-01 -1.6037089218e+00 4.2398288363e+00 4.5392060703e+00 0.0000000000e+00 2.0949650536e-01 1.4394056128e+00 4.9962490972e+00 5.2036797179e+00 0.0000000000e+00 1.0000000000e+00
9.2952102206e-02 -1.7183836514e+00 4.6326577854e+00 4.9419632621e+00 0.0000000000e+00 5.4423343406e-04 1.3824103719e+00 4.5259199190e+00 4.7323366435e+00 0.0000000000e+00 1.0000000000e+00
-4.1085630291e-02 -1.4537812861e+00 4.3761670118e+00 4.6115079999e+00 0.0000000000e+00 -1.2024729154e-01 1.6459959319e+00 5.3872954435e+00 5.6344222841e+00 0.0000000000e+00 1.0000000000e+00
1.8370368686e-01 -1.5567080131e+00 4.8593912836e+00 5.1059544446e+00 0.0000000000e+00 6.8887863177e-02 1.5380373365e+00 4.6686906372e+00 4.9159919562e+00 0.0000000000e+00 1.0000000000e+00
-3.2485882052e-01 -1.4855834717e+00 4.0380885968e+00 4.3149335199e+00 0.0000000000e+00 2.5218307845e-01 1.5296893451e+00 5.4435071524e+00 5.6599749272e+00 0.0000000000e+00 1.0000000000e+00
-2.7353633419e-02 -1.5209323365e+00 4.7438528354e+00 4.9817791379e+00 0.0000000000e+00 -2.3947183328e-01 1.5694125365e+00 4.9182835645e+00 5.1681636924e+00 0.0000000000e+00 1.0000000000e+00
2.2091327265e-01 -1.4763692108e+00 3.9606833602e+00 4.2326683855e+00 0.0000000000e+00 5.7546260039e-03 1.5830038204e+00 5.6672500029e+00 5.8841870354e+00 0.0000000000e+00 1.0000000000e+00
3.4298628112e-01 -1.5593204778e+00 4.1449565129e+00 4.4418222271e+00 0.0000000000e+00 -1.5168320471e-01 1.4918898785e+00 4.5083049118e+00 4.7511637146e+00 0.0000000000e+00 1.0000000000e+00
4.7086530288e-01 -1.3980629149e+00 4.3474707302e+00 4.5909471853e+00 0.0000000000e+00 -2.8735230222e-01 1.6062373053e+00 5.2204374896e+00 5.4695098017e+00 0.0000000000e+00 1.0000000000e+00
4.1795340930e-01 -1.5731633674e+00 4.4978880421e+00 4.7833591893e+00 0.0000000000e+00 -1.4358189347e-01 1.4518222884e+00 5.2606705000e+00 5.4592177176e+00 0.0000000000e+00 1.0000000000e+00
3.1143966027e-01 -1.5225469692e+00 3.9599448036e+00 4.2539754400e+00 0.0000000000e+00 2.4972906471e-01 1.5451915830e+00 5.2964251421e+00 5.5228707373e+00 0.0000000000e+00 1.0000000000e+00
3.9635249021e-01 -1.5687769404e+00 4.5170723888e+00 4.7981350140e+00 0.0000000000e+00 -6.7579065370e-02 1.4921536389e+00 4.6103609476e+00 4.8462890690e+00 0.0000000000e+00 1.0000000000e+00
2.3487662193e-02 -1.4483605055e+00 4.4079224719e+00 4.6398362690e+00 0.0000000000e+00 9.2828023601e-02 1.6547706286e+00 5.1017975708e+00 5.3642540572e+00 0.0000000000e+00 1.0000000000e+00
2.3364189840e-01 -1.5830285481e+00 4.3813082622e+00 4.6643788729e+00 0.0000000000e+00 -9.6226866072e-02 1.4689494754e+00 5.3986913851e+00 5.5957967354e+00 0.0000000000e+00 1.0000000000e+00
5.4651607890e-03 -1.4549721511e+00 4.5584675104e+00 4.7850391987e+00 0.0000000000e+00 9.8935774442e-02 1.6465825972e+00 5.0992124972e+00 5.3593834431e+00 0.0000000000e+00 1.0000000000e+00
5.0201946441e-01 -1.6195531340e+00 5.0833420304e+00 5.3586698309e+00 0.0000000000e+00 -5.8948951586e-02 1.4369919724e+00 4.3093393976e+00 4.5429976021e+00 0.0000000000e+00 1.0000000000e+00
3.1210354172e-01 -1.8872082922e+00 4.9823691461e+00 5.3369435380e+00 0.0000000000e+00 -1.6041598596e-01 1.2257950668e+00 4.1405336312e+00 4.3211486721e+00 0.0000000000e+00 1.0000000000e+00
4.4588939145e-01 -1.6767235054e+00 4.9240063775e+00 5.2207334858e+00 0.0000000000e+00 -2.3275474650e-01 1.3531125170e+00 4.7307027151e+00 4.9259148079e+00 0.0000000000e+00 1.0000000000e+00
2.1845813895e-01 -1.5271496325e+00 4.6906935818e+00 4.9378655812e+00 0.0000000000e+00 -1.7061219412e-02 1.5608532591e+00 4.7340221771e+00 4.9847287004e+00 0.0000000000e+00 1.0000000000e+00
-1.7832343712e-01 -1.5925803139e+00 4.9088584220e+00 5.1638166672e+00 0.0000000000e+00 8.6586134435e-02 1.4942483556e+00 4.4061387615e+00 4.6534217897e+00 0.0000000000e+00 1.0000000000e+00
-2.7514926970e-01 -1.5099417111e+00 4.1827386233e+00 4.4554386702e+00 0.0000000000e+00 -1.5298988325e-02 1.5729803569e+00 4.7257864303e+00 4.9807187141e+00 0.0000000000e+00 1.0000000000e+00
4.3072298407e-01 -1.6293910664e+00 4.7478904859e+00 5.0381446846e+00 0.0000000000e+00 -8.7974184452e-02 1.4334183477e+00 4.2042037419e+00 4.4427195479e+00 0.0000000000e+00 1.0000000000e+00
-4.7378959797e-01 -1.6355149481e+00 4.3014863818e+00 4.6262480568e+00 0.0000000000e+00 1.1002207816e-01 1.3836690327e+00 4.8800587732e+00 5.0736198853e+00 0.0000000000e+00 1.0000000000e+00
-4.2611668740e-01 -1.3177166380e+00 4.0124058675e+00 4.2446853448e+00 0.0000000000e+00 2.2568254485e-01 1.7308446354e+00 5.2272427052e+00 5.5109729017e+00 0.0000000000e+00 1.0000000000e+00
-6.1042947403e-02 -1.4830892009e+00 4.4533083539e+00 4.6941703607e+00 0.0000000000e+00 1.0586144942e-01 1.6111810755e+00 5.0951440271e+00 5.3448670725e+00 0.0000000000e+00 1.0000000000e+00
-4.4195987457e-01 -1.5099386168e+00 4.3811720268e+00 4.6550952457e+00 0.0000000000e+00 1.3788883499e-01 1.5287650551e+00 4.7325917968e+00 4.9752950968e+00 0.0000000000e+00 1.0000000000e+00
1.7958948300e-01 -1.5128292755e+00 4.1596430010e+00 4.4298459292e+00 0.0000000000e+00 -7.5865264028e-02 1.5685373217e+00 4.8548747367e+00 5.1025360203e+00 0.0000000000e+00 1.0000000000e+00
2.4325269869e-01 -1.5147076692e+00 4.3356809870e+00 4.5990913321e+00 0.0000000000e+00 -1.3448224174e-03 1.5713101466e+00 4.7364112701e+00 4.9902514331e+00 0.0000000000e+00 1.0000000000e+00
-3.5220614570e-01 -1.4884325478e+00 4.3265692532e+00 4.5889740011e+00 0.0000000000e+00 1.6608241722e-01 1.5573626350e+00 5.1316400140e+00 5.3653230322e+00 0.0000000000e+00 1.0000000000e+00
1.5636141626e-01 -1.7412134095e+00 4.6171057180e+00 4.9369969113e+00 0.0000000000e+00 1.1680793911e-02 1.3654725770e+00 4.2936229131e+00 4.5055354599e+00 0.0000000000e+00 1.0000000000e+00
1.4298444351e-02 -1.7689313559e+00 5.3281442241e+00 5.6141289370e+00 0.0000000000e+00 2.0933061925e-01 1.3481868028e+00 4.1478549508e+00 4.3664777473e+00 0.0000000000e+00 1.0000000000e+00
-2.6718816180e-01 -1.7065806764e+00 4.8564477316e+00 5.1545021049e+00 0.0000000000e+00 2.0695746890e-01 1.3596631808e+00 4.7327920626e+00 4.9285734577e+00 0.0000000000e+00 1.0000000000e+00
-3.0414032128e-01 -1.6776646239e+00 5.0917524682e+00 5.3696371744e+00 0.0000000000e+00 1.0317357700e-01 1.4042516036e+00 4.5687296376e+00 4.7807800739e+00 0.0000000000e+00 1.0000000000e+00
2.5626373356e-01 -1.4578621065e+00 4.3866386802e+00 4.6296470918e+00 0.0000000000e+00 -1.5064701197e-01 1.6136333214e+00 5.1568477795e+00 5.4055144344e+00 0.0000000000e+00 1.0000000000e+00
-1.0696145996e-01 -1.4901474829e+00 3.9781275438e+00 4.2494092873e+00 0.0000000000e+00 -3.7771246237e-02 1.5862296480e+00 5.4080464590e+00 5.6360019452e+00 0.0000000000e+00 1.0000000000e+00
2.6462860413e-01 -1.4445888452e+00 4.6057443599e+00 4.8342265772e+00 0.0000000000e+00 -1.6920614225e-01 1.6262907850e+00 5.0928782370e+00 5.3489121730e+00 0.0000000000e+00 1.0000000000e+00
-2.0563851318e-01 -1.5207978034e+00 4.4583227716e+00 4.7150562408e+00 0.0000000000e+00 1.4275551862e-01 1.5565444984e+00 4.5955807513e+00 4.8541294396e+00 0.0000000000e+00 1.0000000000e+00
8.5740789830e-02 -1.6120305443e+00 4.5016991058e+00 4.7823936537e+00 0.0000000000e+00 -4.7603735065e-03 1.4814818445e+00 4.6544843919e+00 4.8845712537e+00 0.0000000000e+00 1.0000000000e+00
3.9461607983e-02 -1.4285950217e+00 4.0077816450e+00 4.2549682643e+00 0.0000000000e+00 3.0213459531e-01 1.6685781446e+00 4.8279233648e+00 5.1170580039e+00 0.0000000000e+00 1.0000000000e+00
3.4175465629e-02 -1.7500766628e+00 4.6107170550e+00 4.9317997030e+00 0.0000000000e+00 1.5898018197e-01 1.3316233920e+00 4.9567445584e+00 5.1349598279e+00 0.0000000000e+00 1.0000000000e+00
-2.4113543800e-01 -1.4956179197e+00 3.9549622647e+00 4.2351795756e+00 0.0000000000e+00 1.1297895634e-01 1.5666219777e+00 5.0435021290e+00 5.2824220441e+00 0.0000000000e+00 1.0000000000e+00
-4.2164986766e-01 -1.4930936865e+00 3.9931902675e+00 4.2840035179e+00 0.0000000000e+00 2.1081223411e-01 1.4999309906e+00 5.4288467785e+00 5.6361877524e+00 0.0000000000e+00 1.0000000000e+00
4.0080523380e-01 -1.4699539613e+00 4.3988318993e+00 4.6552262913e+00 0.0000000000e+00 -2.2786255951e-01 1.5558186315e+00 5.2235988031e+00 5.4551331493e+00 0.0000000000e+00 1.0000000000e+00
-4.4989467793e-01 -1.5564988534e+00 4.1500601658e+00 4.4551199246e+00 0.0000000000e+00 2.9572810392e-02 1.4594913734e+00 5.3971738550e+00 5.5911068226e+00 0.0000000000e+00 1.0000000000e+00
4.0537035559e-01 -1.4569435426e+00 4.4618110767e+00 4.7111323434e+00 0.0000000000e+00 -9.3868395460e-02 1.6008342618e+00 4.7253567335e+00 4.9900378886e+00 0.0000000000e+00 1.0000000000e+00
-3.1902587754e-01 -1.4242923543e+00 3.9832946989e+00 4.2422898464e+00 0.0000000000e+00 -4.2967304552e-02 1.6648021682e+00 4.9331141618e+00 5.2066330813e+00 0.0000000000e+00 1.0000000000e+00
2.3786883530e-01 -1.5310471052e+00 4.1787774354e+00 4.4567777527e+00 0.0000000000e+00 -1.1827545137e-01 1.5117966302e+00 5.5757848648e+00 5.7783124918e+00 0.0000000000e+00 1.0000000000e+00
-3.9525006543e-01 -1.3939338543e+00 4.1617030925e+00 4.4067047888e+00 0.0000000000e+00 -8.2597089191e-02 1.6959267459e+00 5.1785813905e+00 5.4498344274e+00 0.0000000000e+00 1.0000000000e+00
4.4292911936e-01 -1.4867620154e+00 4.0916915043e+00 4.3759098623e+00 0.0000000000e+00 -2.0824347249e-01 1.5173962699e+00 5.2258476855e+00 5.4456717746e+00 0.0000000000e+00 1.0000000000e+00
-4.8567429380e-02 -1.7552220539e+00 5.0667653378e+00 5.3623944748e+00 0.0000000000e+00 1.3559273170e-01 1.3583300303e+00 4.2875913398e+00 4.4996539443e+00 0.0000000000e+00 1.0000000000e+00
-3.7073899334e-01 -1.6704767603e+00 4.5806821813e+00 4.8898455512e+00 0.0000000000e+00 1.8402384356e-01 1.3678761569e+00 4.8595821806e+00 5.0517807937e+00 0.0000000000e+00 1.0000000000e+00
-2.7504645438e-01 -1.6545994072e+00 4.3230520674e+00 4.6370388384e+00 0.0000000000e+00 -4.8101831011e-02 1.3987394468e+00 5.2225913140e+00 5.4068702704e+00 0.0000000000e+00 1.0000000000e+00
3.7395084130e-01 -1.5467827877e+00 4.8704516023e+00 5.1238340426e+00 0.0000000000e+00 -2.0536889158e-01 1.4961767546e+00 4.7741632309e+00 5.0073302347e+00 0.0000000000e+00 1.0000000000e+00
7.3399430803e-02 -1.5324237773e+00 4.3344483659e+00 4.5979509575e+00 0.0000000000e+00 -4.3275973390e-02 1.5606754575e+00 4.7348589455e+00 4.9856263587e+00 0.0000000000e+00 1.0000000000e+00
-8.2729808317e-02 -1.6187490515e+00 4.4182088559e+00 4.7061409316e+00 0.0000000000e+00 2.6350040675e-01 1.4389571023e+00 5.1743369446e+00 5.3771547387e+00 0.0000000000e+00 1.0000000000e+00
-1.9244363580e-03 -1.4164400423e+00 4.0657229775e+00 4.3053930933e+00 0.0000000000e+00 -2.5046555931e-01 1.6836879290e+00 4.8738912871e+00 5.1625918470e+00 0.0000000000e+00 1.0000000000e+00
-6.3970674113e-02 -1.6489544995e+00 5.2769597490e+00 5.5289644277e+00 0.0000000000e+00 -1.4221404456e-01 1.4492447247e+00 4.1955361831e+00 4.4410651010e+00 0.0000000000e+00 1.0000000000e+00
-6.4246933176e-02 -1.4490491481e+00 4.1329648948e+00 4.3800993351e+00 0.0000000000e+00 1.5756559076e-01 1.6428948034e+00 5.1976419303e+00 5.4533853841e+00 0.0000000000e+00 1.0000000000e+00
2.4753222072e-01 -1.5099496408e+00 3.9581181454e+00 4.2435739221e+00 0.0000000000e+00 -1.2919174601e-01 1.5345920018e+00 5.3269910128e+00 5.5451326973e+00 0.0000000000e+00 1.0000000000e+00
2.7453412918e-01 -1.6291579304e+00 4.6601089410e+00 4.9443038088e+00 0.0000000000e+00 -2.8235148960e-01 1.4190889044e+00 4.6024808133e+00 4.8245585892e+00 0.0000000000e+00 1.0000000000e+00
-1.6260103730e-01 -1.4435845398e+00 4.3774204578e+00 4.6121779613e+00 0.0000000000e+00 2.9550238777e-01 1.6255641396e+00 5.0959291422e+00 5.3570770498e+00 0.0000000000e+00 1.0000000000e+00
4.5421660571e-01 -1.7611837193e+00 4.5716011910e+00 4.9201238327e+00 0.0000000000e+00 -2.2324352358e-01 1.2631950966e+00 4.6154500047e+00 4.7903944024e+00 0.0000000000e+00 1.0000000000e+00
-2.9640057823e-01 -1.6727335001e+00 4.7783311984e+00 5.0713252674e+00 0.0000000000e+00 3.6409170736e-02 1.4175876557e+00 4.2531378465e+00 4.4833092902e+00 0.0000000000e+00 1.0000000000e+00
-3.0747645703e-01 -1.6813728663e+00 4.7967865294e+00 5.0922212989e+00 0.0000000000e+00 -4.8381417258e-02 1.4117764323e+00 4.5713480603e+00 4.7846292235e+00 0.0000000000e+00 1.0000000000e+00
4.6755956859e-01 -1.6005825583e+00 4.3101365819e+00 4.6214450220e+00 0.0000000000e+00 2.3461607983e-02 1.4624370513e+00 4.4245434569e+00 4.6600276436e+00 0.0000000000e+00 1.0000000000e+00
-1.8017145922e-01 -1.8337244874e+00 5.0217924133e+00 5.3491500777e+00 0.0000000000e+00 1.5738861213e-01 1.2897347913e+00 3.8625847512e+00 4.0752605105e+00 0.0000000000e+00 1.0000000000e+00
-4.3668278124e-01 -1.4476721302e+00 3.9429378480e+00 4.2229380273e+00 0.0000000000e+00 2.9630293911e-01 1.5494735777e+00 4.9628237351e+00 5.2075218181e+00 0.0000000000e+00 1.0000000000e+00
-4.2462978861e-02 -1.4625758836e+00 4.5201997564e+00 4.7511195964e+00 0.0000000000e+00 -1.2245038148e-01 1.6382456282e+00 4.9356398328e+00 5.2018634791e+00 0.0000000000e+00 1.0000000000e+00
-4.1145791606e-01 -1.6025732958e+00 4.2822161365e+00 4.5907422152e+00 0.0000000000e+00 2.5606433156e-01 1.3942284047e+00 5.0619729602e+00 5.2567111674e+00 0.0000000000e+00 1.0000000000e+00
1.6299017352e-01 -1.7628928651e+00 4.6433506845e+00 4.9694127310e+00 0.0000000000e+00 1.7713993678e-01 1.3320331880e+00 4.7567065459e+00 4.9428684381e+00 0.0000000000e+00 1.0000000000e+00
2.5374201553e-01 -1.6671573645e+00 4.9158622157e+00 5.1970665065e+00 0.0000000000e+00 2.8504589275e-02 1.4279043290e+00 4.6573257797e+00 4.8713865545e+00 0.0000000000e+00 1.0000000000e+00
3.3952280678e-01 -1.4956179074e+00 4.8007636409e+00 5.0397897237e+00 0.0000000000e+00 -1.0396645863e-01 1.5683179808e+00 4.6308856597e+00 4.8903509657e+00 0.0000000000e+00 1.0000000000e+00
2.1144525245e-02 -1.3975837668e+00 4.4628681927e+00 4.6766312921e+00 0.0000000000e+00 4.3969306746e-02 1.7125134477e+00 5.0041365643e+00 5.2892361097e+00 0.0000000000e+00 1.0000000000e+00
-8.8553643946e-02 -1.4444958353e+00 4.1049018740e+00 4.3525428916e+00 0.0000000000e+00 -2.8317257721e-01 1.6491058876e+00 5.3742980024e+00 5.6287490810e+00 0.0000000000e+00 1.0000000000e+00
4.8551636013e-02 -1.6404894560e+00 5.0378627848e+00 5.2984549273e+00 0.0000000000e+00 -2.2605807204e-02 1.4605508128e+00 4.3504306275e+00 4.5891139237e+00 0.0000000000e+00 1.0000000000e+00
-3.8054565841e-01 -1.4875700198e+00 4.3937408249e+00 4.6543139408e+00 0.0000000000e+00 2.2019333649e-01 1.5441024195e+00 5.1090162049e+00 5.3417959742e+00 0.0000000000e+00 1.0000000000e+00
-4.3686362228e-01 -1.7236014126e+00 5.0989021424e+00 5.4000421269e+00 0.0000000000e+00 1.6642338681e-01 1.3420143324e+00 4.1546853932e+00 4.3692230648e+00 0.0000000000e+00 1.0000000000e+00
4.7020444770e-01 -1.4514909570e+00 4.6352776235e+00 4.8799300332e+00 0.0000000000e+00 -1.9286128479e-01 1.5731459722e+00 4.5619252334e+00 4.8294042926e+00 0.0000000000e+00 1.0000000000e+00
-4.1462091704e-01 -1.5856640103e+00 4.5738597144e+00 4.8586452645e+00 0.0000000000e+00 9.1946265866e-02 1.4577042180e+00 5.0721389331e+00 5.2782524874e+00 0.0000000000e+00 1.0000000000e+00
-3.1438050255e-01 -1.5485872133e+00 4.2059382672e+00 4.4929805726e+00 0.0000000000e+00 2.2181467449e-01 1.4705842409e+00 5.3601088208e+00 5.5626060970e+00 0.0000000000e+00 1.0000000000e+00
2.9653214292e-01 -1.6200143017e+00 4.3650960708e+00 4.6654519200e+00 0.0000000000e+00 -3.0255216927e-01 1.3999212289e+00 4.9824210261e+00 5.1841910464e+00 0.0000000000e+00 1.0000000000e+00
-1.2256156015e-01 -1.6218963587e+00 4.2611976525e+00 4.5610716755e+00 0.0000000000e+00 2.2414975644e-01 1.4538710504e+00 4.3781430185e+00 4.6186708798e+00 0.0000000000e+00 1.0000000000e+00
1.1634561718e-01 -1.5416996216e+00 4.4378866418e+00 4.6994906248e+00 0.0000000000e+00 -3.1961204779e-02 1.5384043782e+00 5.3645560309e+00 5.5808754886e+00 0.0000000000e+00 1.0000000000e+00
1.1706263646e-01 -1.4056361996e+00 4.3395703289e+00 4.5630458783e+00 0.0000000000e+00 -1.0482904724e-01 1.6963940900e+00 5.0481820162e+00 5.3266203138e+00 0.0000000000e+00 1.0000000000e+00
-3.7881907888e-01 -1.6332672577e+00 4.9117791990e+00 5.1900521182e+00 0.0000000000e+00 -7.9383310846e-03 1.4493514842e+00 4.3910782209e+00 4.6240946081e+00 0.0000000000e+00 1.0000000000e+00
3.1009053153e-01 -1.3566085865e+00 3.9820656002e+00 4.2182211536e+00 0.0000000000e+00 -2.2940557610e-01 1.7059686273e+00 5.5325229087e+00 5.7941147617e+00 0.0000000000e+00 1.0000000000e+00
2.4301575540e-01 -1.6506694436e+00 4.6824026665e+00 4.9707807497e+00 0.0000000000e+00 9.9742201732e-03 1.4439197338e+00 4.3456971810e+00 4.5793108578e+00 0.0000000000e+00 1.0000000000e+00
4.7843065955e-01 -1.8027637598e+00 4.7460260265e+00 5.0993741160e+00 0.0000000000e+00 -2.0406123440e-01 1.2424190782e+00 4.4176074343e+00 4.5935282581e+00 0.0000000000e+00 1.0000000000e+00
-4.7191566977e-02 -1.5381218071e+00 4.4997019281e+00 4.7555613170e+00 0.0000000000e+00 1.3379958965e-02 1.5576157194e+00 4.7554223946e+00 5.0040371866e+00 0.0000000000e+00 1.0000000000e+00
-1.8718966998e-01 -1.4584573117e+00 4.0806604575e+00 4.3375024764e+00 0.0000000000e+00 3.3620606978e-01 1.5784147629e+00 5.6411357043e+00 5.8674389626e+00 0.0000000000e+00 1.0000000000e+00
1.9611753839e-01 -1.7045345693e+00 4.4496497359e+00 4.7689918453e+00 0.0000000000e+00 -4.2252561151e-02 1.3641767746e+00 4.9517025558e+00 5.1363529876e+00 0.0000000000e+00 1.0000000000e+00
-4.1684853829e-01 -1.5299241835e+00 4.6743300490e+00 4.9359692442e+00 0.0000000000e+00 2.1028163934e-01 1.5008706564e+00 4.8782244523e+00 5.1082193730e+00 0.0000000000e+00 1.0000000000e+00
-2.6316827979e-02 -1.7514667169e+00 5.1137303306e+00 5.4054200938e+00 0.0000000000e+00 4.5331775415e-02 1.3643808851e+00 4.4531228763e+00 4.6576704244e+00 0.0000000000e+00 1.0000000000e+00
4.5815524945e-01 -1.5042267790e+00 4.4701502556e+00 4.7386546618e+00 0.0000000000e+00 -2.6309907648e-01 1.4983529521e+00 5.0919594740e+00 5.3143517233e+00 0.0000000000e+00 1.0000000000e+00
3.8441025536e-01 -1.5094110953e+00 4.0992233960e+00 4.3851711267e+00 0.0000000000e+00 -2.2944437537e-01 1.4963862028e+00 5.3299880021e+00 5.5408111999e+00 0.0000000000e+00 1.0000000000e+00
1.8129304264e-01 -1.5159241382e+00 4.0087437610e+00 4.2896293503e+00 0.0000000000e+00 -5.6527237305e-02 1.5633194120e+00 4.8169140642e+00 5.0645655564e+00 0.0000000000e+00 1.0000000000e+00
2.2015579764e-01 -1.7139758664e+00 4.4622551626e+00 4.7851753617e+00 0.0000000000e+00 -2.8198635934e-01 1.3256543019e+00 4.8902263653e+00 5.0745630157e+00 0.0000000000e+00 1.0000000000e+00
-3.1411588912e-01 -1.6151136375e+00 4.5326209933e+00 4.8220238681e+00 0.0000000000e+00 1.7232853547e-01 1.4322310178e+00 4.9768632102e+00 5.1817130842e+00 0.0000000000e+00 1.0000000000e+00
3.0505000070e-03 -1.3982348159e+00 4.3583062677e+00 4.5771064757e+00 0.0000000000e+00 2.6371352913e-02 1.7140654540e+00 5.1232623404e+00 5.4024562098e+00 0.0000000000e+00 1.0000000000e+00
2.7731877138e-01 -1.8160746605e+00 4.8830385987e+00 5.2171926446e+00 0.0000000000e+00 -2.1481564115e-02 1.3046456430e+00 4.0165335060e+00 4.2231627221e+00 0.0000000000e+00 1.0000000000e+00
-4.5450786387e-01 -1.4547262756e+00 4.1166093005e+00 4.3896786134e+00 0.0000000000e+00 2.5728181467e-01 1.5286782405e+00 5.6093234753e+00 5.8195842812e+00 0.0000000000e+00 1.0000000000e+00
5.2643995727e-01 -1.5950345497e+00 4.7655786034e+00 5.0529213263e+00 0.0000000000e+00 -2.6543139127e-01 1.4079584995e+00 4.3008234554e+00 4.5331979458e+00 0.0000000000e+00 1.0000000000e+00
-2.3258126209e-02 -1.7343982372e+00 4.6495603030e+00 4.9625688366e+00 0.0000000000e+00 2.4100912058e-01 1.3565529378e+00 4.5533511948e+00 4.7572396022e+00 0.0000000000e+00 1.0000000000e+00
2.3235003758e-02 -1.5666304700e+00 4.7948571817e+00 5.0443559102e+00 0.0000000000e+00 -2.1432987733e-01 1.5213141764e+00 4.7053159925e+00 4.9497811032e+00 0.0000000000e+00 1.0000000000e+00
1.1755118782e-01 -1.6713435397e+00 4.5763750816e+00 4.8734399205e+00 0.0000000000e+00 2.1485593459e-01 1.4309262039e+00 4.2247677222e+00 4.4656886861e+00 0.0000000000e+00 1.0000000000e+00
-3.7150798990e-01 -1.4770143768e+00 4.5439495898e+00 4.7923968733e+00 0.0000000000e+00 1.1474090241e-01 1.5807249269e+00 5.0335041034e+00 5.2771223777e+00 0.0000000000e+00 1.0000000000e+00
4.1854971078e-01 -1.5780571384e+00 4.1741186714e+00 4.4820436340e+00 0.0000000000e+00 -1.0095119360e-01 1.4428541264e+00 5.1316108210e+00 5.3315522179e+00 0.0000000000e+00 1.0000000000e+00
2.2824331598e-01 -1.7827090499e+00 4.9892713121e+00 5.3031099418e+00 0.0000000000e+00 1.3038337015e-01 1.3415028608e+00 4.1439250953e+00 4.3576077388e+00 0.0000000000e+00 1.0000000000e+00
-1.3491196494e-01 -1.7094392831e+00 4.4504584036e+00 4.7693777544e+00 0.0000000000e+00 -1.4114850665e-02 1.3966314811e+00 4.0815606955e+00 4.3139212667e+00 0.0000000000e+00 1.0000000000e+00
-1.8767960578e-01 -1.5029170340e+00 4.4039139103e+00 4.6570850579e+00 0.0000000000e+00 2.8634088965e-01 1.5562686518e+00 4.9600862140e+00 5.2063824996e+00 0.0000000000e+00 1.0000000000e+00
-1.1361256240e-01 -1.3802241270e+00 4.3789157717e+00 4.5926931153e+00 0.0000000000e+00 1.1225875780e-01 1.7257375844e+00 5.0824970298e+00 5.3686635728e+00 0.0000000000e+00 1.0000000000e+00
-2.4611470689e-01 -1.5682865205e+00 4.2821268880e+00 4.5669142761e+00 0.0000000000e+00 -6.2611408556e-02 1.5027886749e+00 5.1970235743e+00 5.4103002026e+00 0.0000000000e+00 1.0000000000e+00
-9.2481135442e-02 -1.4930553767e+00 4.1797250083e+00 4.4393545166e+00 0.0000000000e+00 3.1044937263e-01 1.5743307347e+00 5.0595891250e+00 5.3079504943e+00 0.0000000000e+00 1.0000000000e+00
-3.8774378404e-01 -1.7618367046e+00 4.9790539615e+00 5.2957900665e+00 0.0000000000e+00 1.9142978799e-01 1.3123760003e+00 4.1431400314e+00 4.3502397303e+00 0.0000000000e+00 1.0000000000e+00
6.8656743498e-02 -1.5385608805e+00 4.4329178986e+00 4.6928290709e+00 0.0000000000e+00 2.8694080280e-01 1.5460336608e+00 5.0840778360e+00 5.3216917243e+00 0.0000000000e+00 1.0000000000e+00
3.0280354932e-01 -1.4933084883e+00 4.4531371462e+00 4.7066007835e+00 0.0000000000e+00 -2.8228723337e-01 1.5479553791e+00 4.7325530053e+00 4.9872748217e+00 0.0000000000e+00 1.0000000000e+00
-3.1149364112e-01 -1.5972714003e+00 4.8254784548e+00 5.0924990715e+00 0.0000000000e+00 2.7987668468e-01 1.4419901068e+00 4.8909508930e+00 5.1067668172e+00 0.0000000000e+00 1.0000000000e+00
4.5275944996e-02 -1.3840459111e+00 4.3406579945e+00 4.5561985341e+00 0.0000000000e+00 8.4312681927e-02 1.7321735211e+00 5.3412979994e+00 5.6157811847e+00 0.0000000000e+00 1.0000000000e+00
9.5667408327e-02 -1.6162486110e+00 4.6661302540e+00 4.9390468346e+00 0.0000000000e+00 1.9277121196e-01 1.4813183067e+00 4.4462676709e+00 4.6904968957e+00 0.0000000000e+00 1.0000000000e+00
1.6480303566e-01 -1.5841279893e+00 4.5706436779e+00 4.8401865066e+00 0.0000000000e+00 3.8370460865e-02 1.4990887833e+00 5.1967261036e+00 5.4087615892e+00 0.0000000000e+00 1.0000000000e+00
1.0866323828e-01 -1.4840015045e+00 4.2162416096e+00 4.4711029664e+00 0.0000000000e+00 1.6474379713e-01 1.6062019201e+00 5.3594360074e+00 5.5973725716e+00 0.0000000000e+00 1.0000000000e+00
3.2394682134e-01 -1.6077491715e+00 4.2841946181e+00 4.5873873532e+00 0.0000000000e+00 2.6724987877e-01 1.4749410894e+00 4.8684754811e+00 5.0940089798e+00 0.0000000000e+00 1.0000000000e+00
4.6011424442e-01 -1.7571806362e+00 4.7789716463e+00 5.1125296247e+00 0.0000000000e+00 -1.6507254831e-01 1.2948068938e+00 4.4612689061e+00 4.6483001573e+00 0.0000000000e+00 1.0000000000e+00
1.1559548042e-01 -1.7691492815e+00 4.9497547706e+00 5.2576918934e+00 0.0000000000e+00 2.2454778191e-01 1.3511529358e+00 4.0190047652e+00 4.2459905235e+00 0.0000000000e+00 1.0000000000e+00
3.8666860709e-02 -1.4762352372e+00 3.9669958281e+00 4.2329448098e+00 0.0000000000e+00 -2.7000691024e-01 1.5761570741e+00 5.7972439957e+00 6.0137519953e+00 0.0000000000e+00 1.0000000000e+00
-2.4153565531e-01 -1.8164281955e+00 5.0629201446e+00 5.3843208963e+00 0.0000000000e+00 -9.3236036116e-02 1.3142076296e+00 4.1197910356e+00 4.3253338704e+00 0.0000000000e+00 1.0000000000e+00
2.7386036264e-01 -1.6986762226e+00 4.3972795774e+00 4.7219242211e+00 0.0000000000e+00 1.0053614420e-01 1.3770087001e+00 4.8464282828e+00 5.0392586595e+00 0.0000000000e+00 1.0000000000e+00
1.7178818062e-02 -1.5463288692e+00 4.1834304780e+00 4.4601030155e+00 0.0000000000e+00 3.5044914785e-02 1.5418529078e+00 4.8887475256e+00 5.1262453283e+00 0.0000000000e+00 1.0000000000e+00
4.8215911937e-01 -1.6460081940e+00 4.9258380330e+00 5.2159084520e+00 0.0000000000e+00 -1.7174903504e-01 1.3934469211e+00 4.4577411154e+00 4.6736118972e+00 0.0000000000e+00 1.0000000000e+00
4.9903865005e-01 -1.8723715346e+00 5.0189844575e+00 5.3800576190e+00 0.0000000000e+00 -1.5550333037e-01 1.2238273806e+00 3.8389459380e+00 4.0322997061e+00 0.0000000000e+00 1.0000000000e+00
-3.0417169757e-01 -1.6908397677e+00 4.5656017015e+00 4.8781327063e+00 0.0000000000e+00 3.6983151017e-02 1.3719633709e+00 4.9970905351e+00 5.1821390681e+00 0.0000000000e+00 1.0000000000e+00
-3.4197149997e-01 -1.5983736794e+00 4.5040506630e+00 4.7914732141e+00 0.0000000000e+00 -1.6198103235e-01 1.4860882382e+00 4.8854212055e+00 5.1090152400e+00 0.0000000000e+00 1.0000000000e+00
2.2875589808e-01 -1.6463561014e+00 4.9337835891e+00 5.2062499401e+00 0.0000000000e+00 3.3583838567e-02 1.4507754561e+00 4.5215142163e+00 4.7486806976e+00 0.0000000000e+00 1.0000000000e+00
4.5722595114e-01 -1.6687350189e+00 4.3680891914e+00 4.6982907082e+00 0.0000000000e+00 1.7974194866e-01 1.4062503529e+00 4.6716065509e+00 4.8819827172e+00 0.0000000000e+00 1.0000000000e+00
-4.1088158047e-01 -1.6309046142e+00 4.2169043540e+00 4.5399290882e+00 0.0000000000e+00 1.2846420668e-01 1.4086693626e+00 4.5526353180e+00 4.7673201093e+00 0.0000000000e+00 1.0000000000e+00
-4.6374390371e-01 -1.4595823224e+00 4.7085499973e+00 4.9513515632e+00 0.0000000000e+00 -1.7475143617e-02 1.6050965504e+00 4.7075864151e+00 4.9737320428e+00 0.0000000000e+00 1.0000000000e+00
4.0316259904e-02 -1.6651652734e+00 4.7148204159e+00 5.0003932449e+00 0.0000000000e+00 1.9593518456e-01 1.4352992102e+00 4.1862756559e+00 4.4298282751e+00 0.0000000000e+00 1.0000000000e+00
-6.7774224258e-02 -1.4891517034e+00 4.6610074478e+00 4.8935832302e+00 0.0000000000e+00 -8.3439081970e-02 1.6100343452e+00 5.1158623769e+00 5.3638811316e+00 0.0000000000e+00 1.0000000000e+00
2.6089161786e-01 -1.4372309055e+00 4.1436541131e+00 4.3935824542e+00 0.0000000000e+00 -1.6183790623e-01 1.6313511653e+00 5.2108207174e+00 5.4626139294e+00 0.0000000000e+00 1.0000000000e+00
2.8740469876e-02 -1.6067920504e+00 4.1828211047e+00 4.4809150141e+00 0.0000000000e+00 2.7707649866e-01 1.4633679884e+00 4.8960171584e+00 5.1175386205e+00 0.0000000000e+00 1.0000000000e+00
4.5681289574e-01 -1.5944084332e+00 4.8072509030e+00 5.0853198306e+00 0.0000000000e+00 4.0301397195e-02 1.4788237149e+00 4.4923704332e+00 4.7296866865e+00 0.0000000000e+00 1.0000000000e+00
4.0651091828e-01 -1.4568051792e+00 4.3276827749e+00 4.5843615605e+00 0.0000000000e+00 -2.9285947296e-01 1.5583042622e+00 4.9483220019e+00 5.1961495110e+00 0.0000000000e+00 1.0000000000e+00
-3.8492609359e-01 -1.5544130632e+00 4.0963058062e+00 4.3981916269e+00 0.0000000000e+00 -1.4647145669e-01 1.4988525338e+00 5.2941820457e+00 5.5042144399e+00 0.0000000000e+00 1.0000000000e+00
-2.3971002457e-01 -1.5800576164e+00 4.4063052546e+00 4.6871707057e+00 0.0000000000e+00 2.0439876787e-01 1.4752211185e+00 4.9234502167e+00 5.1437747329e+00 0.0000000000e+00 1.0000000000e+00
-3.2154270084e-01 -1.5786800652e+00 4.5158899211e+00 4.7946723034e+00 0.0000000000e+00 -2.0790941550e-01 1.5145054439e+00 4.6779445603e+00 4.9213939727e+00 0.0000000000e+00 1.0000000000e+00
1.1314985701e-01 -1.4098573810e+00 4.1281045401e+00 4.3636851491e+00 0.0000000000e+00 3.2626672990e-02 1.6976128817e+00 5.2752243030e+00 5.5417457271e+00 0.0000000000e+00 1.0000000000e+00
-4.9217919133e-01 -1.4586928426e+00 4.4823123435e+00 4.7393195051e+00 0.0000000000e+00 1.0874174335e-02 1.5976505794e+00 4.6559255726e+00 4.9224230639e+00 0.0000000000e+00 1.0000000000e+00
-1.9004980265e-01 -1.5099039353e+00 4.1826150022e+00 4.4508647855e+00 0.0000000000e+00 2.6583874503e-01 1.5517078006e+00 4.6690998552e+00 4.9273685732e+00 0.0000000000e+00 1.0000000000e+00
-6.8836171569e-02 -1.6641392965e+00 4.3606782395e+00 4.6679345525e+00 0.0000000000e+00 -3.1074230419e-02 1.4138739389e+00 4.9442724498e+00 5.1425514525e+00 0.0000000000e+00 1.0000000000e+00
-2.3304048230e-01 -1.5452434779e+00 4.4031230281e+00 4.6722133871e+00 0.0000000000e+00 1.7021761472e-02 1.5341743782e+00 5.0042865104e+00 5.2342014197e+00 0.0000000000e+00 1.0000000000e+00
1.1091821874e-01 -1.7267087851e+00 5.2778241105e+00 5.5542104463e+00 0.0000000000e+00 1.0331805478e-01 1.3884234140e+00 4.1542632642e+00 4.3813579775e+00 0.0000000000e+00 1.0000000000e+00
2.8727214731e-01 -1.5354283901e+00 4.1867457938e+00 4.4686582137e+00 0.0000000000e+00 -4.4013007785e-02 1.5269497162e+00 5.1018294020e+00 5.3256150902e+00 0.0000000000e+00 1.0000000000e+00
-1.7306389537e-01 -1.8224547338e+00 5.0298409927e+00 5.3526248740e+00 0.0000000000e+00 2.1860642485e-01 1.2815077843e+00 4.3546956601e+00 4.5446040007e+00 0.0000000000e+00 1.0000000000e+00
8.0847177846e-02 -1.5003254512e+00 4.4005607833e+00 4.6499944295e+00 0.0000000000e+00 -1.4956955344e-02 1.5940842967e+00 5.0710045145e+00 5.3156763919e+00 0.0000000000e+00 1.0000000000e+00
-5.0129390400e-01 -1.6167654945e+00 5.1482400702e+00 5.4193728718e+00 0.0000000000e+00 2.6871524571e-01 1.3951469876e+00 4.2694130586e+00 4.4996145530e+00 0.0000000000e+00 1.0000000000e+00
-3.1384572809e-01 -1.5015291796e+00 4.0742207960e+00 4.3534313333e+00 0.0000000000e+00 1.5153770977e-02 1.5491078901e+00 5.4767374440e+00 5.6916270243e+00 0.0000000000e+00 1.0000000000e+00
-3.3687353171e-01 -1.6420513313e+00 4.3914504443e+00 4.7004950395e+00 0.0000000000e+00 -1.2314482357e-01 1.4452746885e+00 4.5157870942e+00 4.7430282430e+00 0.0000000000e+00 1.0000000000e+00
7.8402498339e-02 -1.5537890210e+00 4.1805331644e+00 4.4606350527e+00 0.0000000000e+00 7.4088045979e-02 1.5102417938e+00 5.5318223067e+00 5.7347517478e+00 0.0000000000e+00 1.0000000000e+00
-2.3664853347e-01 -1.6442430669e+00 4.6876752086e+00 4.9733124690e+00 0.0000000000e+00 2.3604307216e-01 1.4182420674e+00 4.6381318183e+00 4.8558618101e+00 0.0000000000e+00 1.0000000000e+00
9.2523587628e-03 -1.4419689097e+00 3.9758220206e+00 4.2292459072e+00 0.0000000000e+00 1.7300454152e-02 1.6437579814e+00 5.6814260905e+00 5.9144604395e+00 0.0000000000e+00 1.0000000000e+00
4.0371784353e-01 -1.6995990811e+00 4.8149485610e+00 5.1220459819e+00 0.0000000000e+00 -1.8062970604e-01 1.3635743505e+00 3.9665212459e+00 4.1982440562e+00 0.0000000000e+00 1.0000000000e+00
2.2155164647e-01 -1.6570379392e+00 4.5112449321e+00 4.8110488423e+00 0.0000000000e+00 1.2515420278e-02 1.4188419728e+00 4.9853587791e+00 5.1833455989e+00 0.0000000000e+00 1.0000000000e+00
4.6303578830e-02 -1.4690271668e+00 4.1951758508e+00 4.4451867810e+00 0.0000000000e+00 3.1969457515e-02 1.6248447575e+00 5.3398432020e+00 5.5816725285e+00 0.0000000000e+00 1.0000000000e+00
-4.8866569966e-01 -1.5501395530e+00 4.8848428455e+00 5.1481469177e+00 0.0000000000e+00 9.5521769601e-02 1.4936311012e+00 4.3762195628e+00 4.6250790478e+00 0.0000000000e+00 1.0000000000e+00
1.6998883169e-01 -1.5893223909e+00 4.1258577881e+00 4.4246519201e+00 0.0000000000e+00 -2.0912559607e-01 1.4446912796e+00 5.3495900918e+00 5.5451763561e+00 0.0000000000e+00 1.0000000000e+00
-4.4654781844e-02 -1.5289376464e+00 4.0188408300e+00 4.3000844473e+00 0.0000000000e+00 7.4282457239e-02 1.5541865888e+00 4.9124553683e+00 5.1529828103e+00 0.0000000000e+00 1.0000000000e+00
-8.5945162655e-02 -1.6938852274e+00 4.5223773538e+00 4.8299617934e+00 0.0000000000e+00 -1.7771568299e-02 1.3844404776e+00 5.0387360404e+00 5.2255002068e+00 0.0000000000e+00 1.0000000000e+00
-3.2012521964e-01 -1.4654655120e+00 4.1383488860e+00 4.4018179297e+00 0.0000000000e+00 2.1090113165e-01 1.5801902735e+00 5.0562546875e+00 5.3016216683e+00 0.0000000000e+00 1.0000000000e+00
2.6089312534e-01 -1.6482550436e+00 5.0712344808e+00 5.3387479180e+00 0.0000000000e+00 -2.0139614102e-01 1.4224205928e+00 4.5021136377e+00 4.7257664157e+00 0.0000000000e+00 1.0000000000e+00
2.2165868943e-01 -1.6782898705e+00 5.1618115923e+00 5.4323189008e+00 0.0000000000e+00 1.3707362423e-01 1.4272478941e+00 4.1396152418e+00 4.3808949247e+00 0.0000000000e+00 1.0000000000e+00
7.7565128007e-02 -1.4904153418e+00 4.0967583768e+00 4.3601357432e+00 0.0000000000e+00 3.6187172548e-02 1.5842438004e+00 5.6342582229e+00 5.8528628818e+00 0.0000000000e+00 1.0000000000e+00
5.8674984718e-02 -1.5320227395e+00 4.6078931162e+00 4.8562553125e+00 0.0000000000e+00 -4.9941584894e-02 1.5617452440e+00 5.0009687618e+00 5.2393922535e+00 0.0000000000e+00 1.0000000000e+00
9.3579720692e-02 -1.5953030098e+00 4.5430460628e+00 4.8159128571e+00 0.0000000000e+00 -1.2070907888e-01 1.4875263866e+00 4.9572201145e+00 5.1770007685e+00 0.0000000000e+00 1.0000000000e+00
9.6088087372e-02 -1.6924777044e+00 5.1622911005e+00 5.4335037837e+00 0.0000000000e+00 -1.6340454945e-01 1.4060959169e+00 4.3841063859e+00 4.6069725241e+00 0.0000000000e+00 1.0000000000e+00
-2.5792677138e-01 -1.5304222876e+00 3.9637197936e+00 4.2567350706e+00 0.0000000000e+00 2.8209977253e-01 1.5113394567e+00 4.5597656871e+00 4.8119840625e+00 0.0000000000e+00 1.0000000000e+00
-1.2135340866e-01 -1.5019955706e+00 4.3926706362e+00 4.6439501422e+00 0.0000000000e+00 -1.9214991019e-01 1.5912653446e+00 5.2197310054e+00 5.4602782909e+00 0.0000000000e+00 1.0000000000e+00
6.0589507730e-03 -1.8214899491e+00 5.3566194647e+00 5.6578471786e+00 0.0000000000e+00 1.1103427352e-01 1.3132657315e+00 4.0985786554e+00 4.3052691840e+00 0.0000000000e+00 1.0000000000e+00
-1.4862886749e-01 -1.4719612990e+00 4.6713207941e+00 4.8999998804e+00 0.0000000000e+00 3.0788878217e-01 1.5942878214e+00 4.9966784981e+00 5.2538886012e+00 0.0000000000e+00 1.0000000000e+00
3.1451069888e-01 -1.5147295949e+00 4.1667274879e+00 4.4446530736e+00 0.0000000000e+00 -1.6969319422e-01 1.5289363127e+00 5.1000834195e+00 5.3270341819e+00 0.0000000000e+00 1.0000000000e+00
3.2912527529e-01 -1.5413872080e+00 4.1857136742e+00 4.4726275494e+00 0.0000000000e+00 2.6507766817e-01 1.5391173064e+00 5.1161627571e+00 5.3492307738e+00 0.0000000000e+00 1.0000000000e+00
4.2688944295e-01 -1.5234684219e+00 4.3959805250e+00 4.6720269334e+00 0.0000000000e+00 -1.5969205570e-01 1.5127424865e+00 4.7732213555e+00 5.0097438810e+00 0.0000000000e+00 1.0000000000e+00
-2.8119119107e-01 -1.5298027385e+00 4.6851676474e+00 4.9366143307e+00 0.0000000000e+00 5.2153340746e-02 1.5478445313e+00 4.9547024558e+00 5.1911096454e+00 0.0000000000e+00 1.0000000000e+00
-1.8155994649e-01 -1.8108973070e+00 5.2361646643e+00 5.5434406034e+00 0.0000000000e+00 2.3249900522e-01 1.2948264881e+00 4.2444338014e+00 4.4436302701e+00 0.0000000000e+00 1.0000000000e+00
6.7700904122e-02 -1.6771639167e+00 4.4007433680e+00 4.7099898798e+00 0.0000000000e+00 -1.2623843579e-01 1.4194429067e+00 4.1962297235e+00 4.4316022454e+00 0.0000000000e+00 1.0000000000e+00
1.0869915808e-01 -1.5751029471e+00 5.0731685495e+00 5.3131727051e+00 0.0000000000e+00 -2.8599837287e-01 1.4956266349e+00 4.5900312762e+00 4.8360191768e+00 0.0000000000e+00 1.0000000000e+00
-2.5875766274e-01 -1.6280947073e+00 5.2270366743e+00 5.4808357538e+00 0.0000000000e+00 1.5190385272e-02 1.4621159662e+00 4.5296438389e+00 4.7597990939e+00 0.0000000000e+00 1.0000000000e+00
1.1523274765e-01 -1.8771869123e+00 5.1887768733e+00 5.5191045462e+00 0.0000000000e+00 -1.3934769722e-01 1.2631608087e+00 3.9931480182e+00 4.1904921389e+00 0.0000000000e+00 1.0000000000e+00
3.2728796025e-01 -1.7366013092e+00 4.9496206079e+00 5.2556299280e+00 0.0000000000e+00 -2.5727187995e-01 1.3238939991e+00 4.4492684836e+00 4.6491799751e+00 0.0000000000e+00 1.0000000000e+00
-2.2578859421e-01 -1.5355158992e+00 4.1293031849e+00 4.4113415896e+00 0.0000000000e+00 3.0484574930e-01 1.5050859435e+00 4.8604883192e+00 5.0973092500e+00 0.0000000000e+00 1.0000000000e+00
3.5940026688e-01 -1.4461239880e+00 4.4672405083e+00 4.7092123716e+00 0.0000000000e+00 -1.1126588166e-01 1.6155978516e+00 5.2275534127e+00 5.4726457457e+00 0.0000000000e+00 1.0000000000e+00
2.9156724590e-01 -1.3703635400e+00 4.0500110808e+00 4.2854985365e+00 0.0000000000e+00 -3.4467763887e-02 1.7259845578e+00 5.1812193542e+00 5.4612493972e+00 0.0000000000e+00 1.0000000000e+00
1.4608386813e-01 -1.4385710271e+00 4.4974587518e+00 4.7241890925e+00 0.0000000000e+00 -1.2830632673e-01 1.6533211944e+00 5.2641511374e+00 5.5191685011e+00 0.0000000000e+00 1.0000000000e+00
-2.9151278768e-01 -1.4819865436e+00 4.3455650548e+00 4.6005651530e+00 0.0000000000e+00 6.8622725979e-02 1.5869698420e+00 5.3085801384e+00 5.5411375822e+00 0.0000000000e+00 1.0000000000e+00
1.1877325582e-01 -1.5055981681e+00 4.2154058545e+00 4.4777873676e+00 0.0000000000e+00 -1.7847871960e-01 1.5730759021e+00 4.9696049502e+00 5.2156874973e+00 0.0000000000e+00 1.0000000000e+00
-4.1331337707e-01 -1.5836336691e+00 4.1211825024e+00 4.4342833722e+00 0.0000000000e+00 5.6061684185e-02 1.4687908237e+00 4.4979472582e+00 4.7320206250e+00 0.0000000000e+00 1.0000000000e+00
2.2056237955e-01 -1.5524629388e+00 4.4643334987e+00 4.7317082315e+00 0.0000000000e+00 2.8330996695e-01 1.5437333399e+00 4.5395329412e+00 4.8032006774e+00 0.0000000000e+00 1.0000000000e+00
3.9537961381e-02 -1.5449101500e+00 4.0019919071e+00 4.2900174950e+00 0.0000000000e+00 9.7052971296e-02 1.5370903413e+00 4.8929916753e+00 5.1296621518e+00 0.0000000000e+00 1.0000000000e+00
-4.0000927934e-01 -1.6095844971e+00 4.5841669312e+00 4.8749724503e+00 0.0000000000e+00 -1.7439797686e-02 1.4669831351e+00 4.4175819703e+00 4.6548227024e+00 0.0000000000e+00 1.0000000000e+00
-3.4023551599e-01 -1.4925738757e+00 4.2363125444e+00 4.5044290666e+00 0.0000000000e+00 -1.5762363496e-01 1.5893027577e+00 5.2401795991e+00 5.4781576244e+00 0.0000000000e+00 1.0000000000e+00
-3.9125013226e-01 -1.5363331852e+00 4.8844395262e+00 5.1352844194e+00 0.0000000000e+00 2.0635236466e-01 1.5029747945e+00 4.7779726463e+00 5.0130367444e+00 0.0000000000e+00 1.0000000000e+00
3.7749637059e-02 -1.4608155912e+00 4.3574264437e+00 4.5959300147e+00 0.0000000000e+00 1.8585604783e-01 1.6376651041e+00 5.1104302227e+00 5.3696356288e+00 0.0000000000e+00 1.0000000000e+00
2.0829486090e-02 -1.4930611311e+00 4.5902883622e+00 4.8270501259e+00 0.0000000000e+00 -1.8615023280e-01 1.5985229037e+00 5.1541908282e+00 5.3995935715e+00 0.0000000000e+00 1.0000000000e+00
-7.6320392359e-02 -1.5974433332e+00 4.3418334584e+00 4.6270042194e+00 0.0000000000e+00 -2.0693696683e-01 1.4912349664e+00 4.7049725592e+00 4.9399768904e+00 0.0000000000e+00 1.0000000000e+00
2.7409968132e-01 -1.4340318793e+00 4.6352386542e+00 4.8597341191e+00 0.0000000000e+00 -2.7266510272e-03 1.6560626029e+00 5.0367514276e+00 5.3020199909e+00 0.0000000000e+00 1.0000000000e+00
4.0121836085e-01 -1.4553198993e+00 4.1021861032e+00 4.3711398135e+00 0.0000000000e+00 -1.3526350312e-01 1.5732334165e+00 5.5120211132e+00 5.7337367059e+00 0.0000000000e+00 1.0000000000e+00
-2.8234032348e-01 -1.4385289910e+00 4.3614074914e+00 4.6011908549e+00 0.0000000000e+00 6.5698120715e-02 1.6438512166e+00 4.9907115373e+00 5.2548801104e+00 0.0000000000e+00 1.0000000000e+00
-1.9607564168e-01 -1.4186665993e+00 4.1004245821e+00 4.3433331200e+00 0.0000000000e+00 2.7203256064e-01 1.6496475375e+00 5.1996097105e+00 5.4618019109e+00 0.0000000000e+00 1.0000000000e+00
2.6065278449e-01 -1.4498958313e+00 4.3256102419e+00 4.5695778822e+00 0.0000000000e+00 -3.1472653136e-01 1.5889074770e+00 5.5101677035e+00 5.7433116006e+00 0.0000000000e+00 1.0000000000e+00
-4.0008824947e-01 -1.6750828499e+00 4.4317231996e+00 4.7545918795e+00 0.0000000000e+00 2.5857260344e-02 1.3997419886e+00 4.2516740417e+00 4.4762348744e+00 0.0000000000e+00 1.0000000000e+00
-1.7729954464e-01 -1.5710612691e+00 4.4252769654e+00 4.6992281410e+00 0.0000000000e+00 1.1096844249e-01 1.4912226650e+00 5.3871281767e+00 5.5908147246e+00 0.0000000000e+00 1.0000000000e+00
1.2067432875e-01 -1.5311370304e+00 4.0411349897e+00 4.3231603215e+00 0.0000000000e+00 2.4310316630e-01 1.5512553281e+00 4.9839140705e+00 5.2254083061e+00 0.0000000000e+00 1.0000000000e+00
-4.1712867676e-01 -1.5653722165e+00 4.1381779456e+00 4.4439738388e+00 0.0000000000e+00 2.6553884839e-01 1.4525678355e+00 4.3094559921e+00 4.5554226374e+00 0.0000000000e+00 1.0000000000e+00
1.3841693452e-01 -1.5487869991e+00 4.7786413920e+00 5.0252675780e+00 0.0000000000e+00 6.1199920908e-02 1.5466905638e+00 4.5827512801e+00 4.8371072644e+00 0.0000000000e+00 1.0000000000e+00
1.7434047901e-01 -1.5519272176e+00 4.4922689001e+00 4.7559807426e+00 0.0000000000e+00 7.8102549066e-02 1.5329111377e+00 5.2552611656e+00 5.4748229874e+00 0.0000000000e+00 1.0000000000e+00
1.3070016221e-01 -1.6259612240e+00 4.3472366856e+00 4.6431992738e+00 0.0000000000e+00 6.5692992994e-02 1.4446302056e+00 5.1987190342e+00 5.3961052490e+00 0.0000000000e+00 1.0000000000e+00
-4.7035396085e-01 -1.5741029156e+00 4.7348661869e+00 5.0117852015e+00 0.0000000000e+00 8.3474557467e-02 1.4769039048e+00 4.4045822389e+00 4.6463489006e+00 0.0000000000e+00 1.0000000000e+00
6.6550428385e-02 -1.7952370968e+00 4.7650004213e+00 5.0923996769e+00 0.0000000000e+00 2.4884394406e-01 1.3092733272e+00 4.5369942571e+00 4.7286823856e+00 0.0000000000e+00 1.0000000000e+00
2.8085886619e-01 -1.4856641290e+00 4.0140275598e+00 4.2893469339e+00 0.0000000000e+00 -1.8449313686e-01 1.5686645056e+00 4.8871143414e+00 5.1360133271e+00 0.0000000000e+00 1.0000000000e+00
-1.9881522790e-01 -1.6757672604e+00 5.1292479182e+00 5.3997136844e+00 0.0000000000e+00 -9.1969198770e-02 1.4294822305e+00 4.4871996833e+00 4.7102907596e+00 0.0000000000e+00 1.0000000000e+00
-4.4053213333e-01 -1.6087308351e+00 5.2508179747e+00 5.5093713911e+00 0.0000000000e+00 2.2997593980e-01 1.4213934292e+00 4.2117094917e+00 4.4510386785e+00 0.0000000000e+00 1.0000000000e+00
4.8368190810e-01 -1.8059701998e+00 4.7376708057e+00 5.0932309466e+00 0.0000000000e+00 -1.3680020743e-01 1.2531828752e+00 4.3998144103e+00 4.5768492134e+00 0.0000000000e+00 1.0000000000e+00
7.3973707792e-02 -1.4949724304e+00 4.1489220410e+00 4.4106653739e+00 0.0000000000e+00 -6.3686951609e-02 1.5928702948e+00 5.1204753276e+00 5.3628872490e+00 0.0000000000e+00 1.0000000000e+00
1.1509293489e-01 -1.7874000235e+00 5.1606238081e+00 5.4626077635e+00 0.0000000000e+00 1.6196892729e-01 1.3377563849e+00 4.2615122056e+00 4.4694868406e+00 0.0000000000e+00 1.0000000000e+00
3.0661068494e-02 -1.7585871457e+00 4.8560825120e+00 5.1647949112e+00 0.0000000000e+00 -3.1208724579e-02 1.3588305623e+00 4.2116354077e+00 4.4255245509e+00 0.0000000000e+00 1.0000000000e+00
-1.2008126461e-01 -1.6322131470e+00 4.3729778906e+00 4.6692049816e+00 0.0000000000e+00 6.4071998015e-02 1.4543471732e+00 4.6178411071e+00 4.8418682007e+00 0.0000000000e+00 1.0000000000e+00
-2.6625429773e-01 -1.4374049406e+00 4.3203090631e+00 4.5609313716e+00 0.0000000000e+00 2.2584494466e-01 1.6218064478e+00 5.3371818409e+00 5.5827208740e+00 0.0000000000e+00 1.0000000000e+00
1.4682498206e-01 -1.5846679469e+00 4.8104984644e+00 5.0669148221e+00 0.0000000000e+00 1.5993318037e-01 1.5126951058e+00 4.7400619488e+00 4.9781535377e+00 0.0000000000e+00 1.0000000000e+00
-2.0509238166e-01 -1.7363571331e+00 5.2470657403e+00 5.5307050295e+00 0.0000000000e+00 2.5493134663e-01 1.3491252801e+00 4.1039098279e+00 4.3274940959e+00 0.0000000000e+00 1.0000000000e+00
1.7741202412e-02 -1.5827116429e+00 4.2025715402e+00 4.4907570305e+00 0.0000000000e+00 9.3396002455e-03 1.5067694898e+00 4.6754280828e+00 4.9122367148e+00 0.0000000000e+00 1.0000000000e+00
-6.2267729578e-02 -1.7076619127e+00 4.4531123826e+00 4.7697166196e+00 0.0000000000e+00 -2.6492582531e-01 1.3697167381e+00 4.8452606042e+00 5.0421087076e+00 0.0000000000e+00 1.0000000000e+00
4.6848331331e-01 -1.7337739406e+00 4.6132218769e+00 4.9504812937e+00 0.0000000000e+00 -2.1921098992e-01 1.3100807230e+00 4.1000789792e+00 4.3098738793e+00 0.0000000000e+00 1.0000000000e+00
5.7909786806e-03 -1.7170240415e+00 4.4855991954e+00 4.8029996353e+00 0.0000000000e+00 -2.3550814106e-01 1.3538327014e+00 4.9448949393e+00 5.1322814898e+00 0.0000000000e+00 1.0000000000e+00
-2.1117856810e-01 -1.5305619126e+00 4.5871325398e+00 4.8403513669e+00 0.0000000000e+00 1.7514986486e-01 1.5381981763e+00 5.1099968864e+00 5.3393632153e+00 0.0000000000e+00 1.0000000000e+00
-3.8947344131e-01 -1.5373435036e+00 4.7911172127e+00 5.0467731291e+00 0.0000000000e+00 7.7767176137e-02 1.5235196432e+00 4.8835780904e+00 5.1162970069e+00 0.0000000000e+00 1.0000000000e+00
1.9802228862e-01 -1.8248661345e+00 5.0726031622e+00 5.3945020473e+00 0.0000000000e+00 -1.1931754128e-01 1.3000047376e+00 3.8109103689e+00 4.0283106998e+00 0.0000000000e+00 1.0000000000e+00
-1.5088358444e-01 -1.5750587470e+00 4.8222559478e+00 5.0752072470e+00 0.0000000000e+00 -2.6860306929e-01 1.5198377849e+00 4.6612538401e+00 4.9101264876e+00 0.0000000000e+00 1.0000000000e+00
-2.0712297470e-01 -1.6089780189e+00 4.6825810696e+00 4.9556307294e+00 0.0000000000e+00 -9.2322713524e-02 1.4881962494e+00 4.4512765701e+00 4.6943705568e+00 0.0000000000e+00 1.0000000000e+00
-2.0245981200e-01 -1.6086513973e+00 4.5520237271e+00 4.8321495803e+00 0.0000000000e+00 2.2819931891e-01 1.4391912522e+00 5.2916573470e+00 5.4886231542e+00 0.0000000000e+00 1.0000000000e+00
-1.0051476409e-02 -1.7240970684e+00 4.7291298541e+00 5.0336151195e+00 0.0000000000e+00 2.3539525534e-01 1.3657103326e+00 4.7037694539e+00 4.9036744361e+00 0.0000000000e+00 1.0000000000e+00
3.7913841248e-01 -1.7144176903e+00 5.1878062521e+00 5.4768885257e+00 0.0000000000e+00 -1.3454860671e-01 1.3622438620e+00 4.3418481095e+00 4.5525220410e+00 0.0000000000e+00 1.0000000000e+00
-1.0224753760e-01 -1.7057722469e+00 5.2479070687e+00 5.5191160868e+00 0.0000000000e+00 -2.2588039676e-01 1.4020174066e+00 4.2872695820e+00 4.5163431548e+00 0.0000000000e+00 1.0000000000e+00
-3.9137709556e-01 -1.4934233512e+00 3.9707219657e+00 4.2602960610e+00 0.0000000000e+00 -4.9322994348e-02 1.5580518901e+00 5.2723601130e+00 5.4979759797e+00 0.0000000000e+00 1.0000000000e+00
-3.3774679009e-01 -1.6204261755e+00 4.9180627006e+00 5.1891420170e+00 0.0000000000e+00 2.4430849911e-01 1.4275467180e+00 4.5109952566e+00 4.7377900693e+00 0.0000000000e+00 1.0000000000e+00
-6.0682272496e-02 -1.6369699579e+00 5.3276992684e+00 5.5738436233e+00 0.0000000000e+00 2.1495901325e-01 1.4491335026e+00 4.3201006555e+00 4.5617392758e+00 0.0000000000e+00 1.0000000000e+00
-2.4707734868e-01 -1.9098881632e+00 4.9732421728e+00 5.3330908470e+00 0.0000000000e+00 7.8361025450e-02 1.2375552886e+00 3.7276321719e+00 3.9284762202e+00 0.0000000000e+00 1.0000000000e+00
-1.5114141873e-01 -1.6466192989e+00 5.0793930024e+00 5.3417630402e+00 0.0000000000e+00 -1.4146640737e-01 1.4561414506e+00 4.4979634997e+00 4.7299087279e+00 0.0000000000e+00 1.0000000000e+00
5.0129483801e-01 -1.6417068762e+00 4.4867696084e+00 4.8039150453e+00 0.0000000000e+00 -1.1229068655e-03 1.4195265686e+00 4.3542849109e+00 4.5798312509e+00 0.0000000000e+00 1.0000000000e+00
-8.9882168180e-02 -1.7822790833e+00 4.6263701913e+00 4.9586186527e+00 0.0000000000e+00 -5.5449350655e-02 1.3241675887e+00 4.4818822525e+00 4.6737311883e+00 0.0000000000e+00 1.0000000000e+00
3.7861713613e-01 -1.4440201492e+00 3.9428409707e+00 4.2159862794e+00 0.0000000000e+00 -3.2641418590e-01 1.5485060171e+00 5.4317586779e+00 5.6575984041e+00 0.0000000000e+00 1.0000000000e+00
1.9348042477e-01 -1.6068027858e+00 4.6144028990e+00 4.8899861189e+00 0.0000000000e+00 6.2509608104e-02 1.4848477725e+00 4.7927981589e+00 5.0179273422e+00 0.0000000000e+00 1.0000000000e+00
-2.4092692479e-01 -1.5996761204e+00 4.8229151044e+00 5.0869951680e+00 0.0000000000e+00 -2.7845897090e-01 1.4984312843e+00 4.5403210150e+00 4.7892954484e+00 0.0000000000e+00 1.0000000000e+00
3.0106003147e-01 -1.7285915393e+00 4.6500406184e+00 4.9700647748e+00 0.0000000000e+00 5.7846304528e-02 1.3604703818e+00 4.6708511753e+00 4.8652930865e+00 0.0000000000e+00 1.0000000000e+00
-4.3122599676e-01 -1.8050564284e+00 4.8223701688e+00 5.1671499762e+00 0.0000000000e+00 2.1025811596e-01 1.2736014152e+00 3.7015044689e+00 3.9201281400e+00 0.0000000000e+00 1.0000000000e+00
4.7408476485e-01 -1.6946549507e+00 4.3881850315e+00 4.7278726609e+00 0.0000000000e+00 -1.4669979431e-01 1.3257743665e+00 4.7316329795e+00 4.9160501843e+00 0.0000000000e+00 1.0000000000e+00
-6.1296176807e-02 -1.5826512745e+00 4.5065130008e+00 4.7767354925e+00 0.0000000000e+00 -1.4920091214e-01 1.5080601594e+00 4.8994473747e+00 5.1284589493e+00 0.0000000000e+00 1.0000000000e+00
3.4461949605e-01 -1.7519209454e+00 4.7253809096e+00 5.0514566808e+00 0.0000000000e+00 -1.8984918283e-01 1.3221193774e+00 4.1682181162e+00 4.3769949607e+00 0.0000000000e+00 1.0000000000e+00
-2.7382049907e-01 -1.4241354727e+00 4.4028626757e+00 4.6355516946e+00 0.0000000000e+00 2.4923926252e-01 1.6346596853e+00 5.1912271580e+00 5.4482173382e+00 0.0000000000e+00 1.0000000000e+00
-1.3639512631e-01 -1.5324498689e+00 4.2842272223e+00 4.5520994480e+00 0.0000000000e+00 -1.8570683386e-01 1.5456287082e+00 5.4503666243e+00 5.6683288306e+00 0.0000000000e+00 1.0000000000e+00
-1.6073863582e-01 -1.8024170512e+00 4.8728748373e+00 5.1980240069e+00 0.0000000000e+00 -6.1947781304e-02 1.3187728183e+00 4.3052848845e+00 4.5031630519e+00 0.0000000000e+00 1.0000000000e+00
3.5786707234e-01 -1.7496951801e+00 4.8072975057e+00 5.1283146972e+00 0.0000000000e+00 1.6127541584e-01 1.3586374768e+00 4.3749540351e+00 4.5838988452e+00 0.0000000000e+00 1.0000000000e+00
4.0671349279e-01 -1.5430979855e+00 4.7742257882e+00 5.0338652541e+00 0.0000000000e+00 -1.8523472032e-01 1.4978358676e+00 4.4335296143e+00 4.6833758433e+00 0.0000000000e+00 1.0000000000e+00
4.9790329516e-02 -1.4638012084e+00 4.6666974792e+00 4.8911408361e+00 0.0000000000e+00 1.5109677291e-01 1.6355144895e+00 4.9548425895e+00 5.2199811521e+00 0.0000000000e+00 1.0000000000e+00
3.9434280647e-01 -1.5452382824e+00 4.1902261640e+00 4.4834432265e+00 0.0000000000e+00 -3.1664321451e-01 1.4387129497e+00 5.2417329712e+00 5.4448069460e+00 0.0000000000e+00 1.0000000000e+00
-1.9190683449e-01 -1.5127387326e+00 4.4213503119e+00 4.6769162434e+00 0.0000000000e+00 1.2628548343e-01 1.5674158353e+00 4.7747160632e+00 5.0269925571e+00 0.0000000000e+00 1.0000000000e+00
-3.4796664769e-01 -1.6645409864e+00 4.4978530799e+00 4.8085819191e+00 0.0000000000e+00 2.2390825216e-01 1.3677635445e+00 4.8519245976e+00 5.0459968868e+00 0.0000000000e+00 1.0000000000e+00
1.5435691085e-01 -1.7612033739e+00 5.2478427675e+00 5.5376454702e+00 0.0000000000e+00 -2.3930398070e-02 1.3563468086e+00 4.2985249936e+00 4.5075011604e+00 0.0000000000e+00 1.0000000000e+00
-1.5945412547e-01 -1.6976248224e+00 4.7322906373e+00 5.0301024436e+00 0.0000000000e+00 3.3992257698e-02 1.4028993510e+00 4.3945785653e+00 4.6131987915e+00 0.0000000000e+00 1.0000000000e+00
-1.5492523905e-01 -1.5103954761e+00 4.0762224956e+00 4.3498145269e+00 0.0000000000e+00 2.0390188214e-01 1.5464922179e+00 5.3026369801e+00 5.5273115854e+00 0.0000000000e+00 1.0000000000e+00
1.8159710500e-01 -1.7517509192e+00 5.2038683005e+00 5.4938014472e+00 0.0000000000e+00 -1.6696113110e-02 1.3639965470e+00 4.1327147488e+00 4.3520221503e+00 0.0000000000e+00 1.0000000000e+00
-2.9682487423e-01 -1.5316973904e+00 4.0666080747e+00 4.3556289323e+00 0.0000000000e+00 -1.9417338500e-01 1.5564495901e+00 4.7119591725e+00 4.9661653350e+00 0.0000000000e+00 1.0000000000e+00
1.8131868293e-01 -1.4619147228e+00 4.6963455644e+00 4.9219643480e+00 0.0000000000e+00 -2.0396553783e-01 1.6137910052e+00 4.9187112445e+00 5.1806991726e+00 0.0000000000e+00 1.0000000000e+00
1.4853376203e-01 -1.7083742745e+00 4.5431229726e+00 4.8559830668e+00 0.0000000000e+00 1.5795608053e-01 1.3892631380e+00 4.5732481676e+00 4.7822171901e+00 0.0000000000e+00 1.0000000000e+00
1.8794477377e-01 -1.8244584343e+00 5.1278848975e+00 5.4460238339e+00 0.0000000000e+00 1.2685446303e-01 1.3128254402e+00 3.9475462691e+00 4.1620577242e+00 0.0000000000e+00 1.0000000000e+00
3.6289592286e-01 -1.7634666367e+00 4.7508885135e+00 5.0805954334e+00 0.0000000000e+00 -1.7480662900e-01 1.2938283474e+00 4.6763174296e+00 4.8551512967e+00 0.0000000000e+00 1.0000000000e+00
-2.5606475854e-01 -1.4432796616e+00 4.4480030603e+00 4.6833061856e+00 0.0000000000e+00 1.1981865417e-01 1.6348861090e+00 4.7497647432e+00 5.0246865052e+00 0.0000000000e+00 1.0000000000e+00
-3.0411851903e-01 -1.5062885649e+00 4.0548237545e+00 4.3362413742e+00 0.0000000000e+00 2.3536110241e-01 1.5293308965e+00 4.9851468690e+00 5.2197641140e+00 0.0000000000e+00 1.0000000000e+00
-3.4123651713e-02 -1.4852127627e+00 4.0354291087e+00 4.3001988008e+00 0.0000000000e+00 -9.8130259541e-02 1.5896689977e+00 5.6008645289e+00 5.8229168637e+00 0.0000000000e+00 1.0000000000e+00
5.7379712890e-03 -1.5699754792e+00 4.7607545128e+00 5.0129472092e+00 0.0000000000e+00 2.0313288434e-01 1.5205387968e+00 4.7934439478e+00 5.0329321815e+00 0.0000000000e+00 1.0000000000e+00
3.5723482612e-01 -1.8690768808e+00 5.0090566847e+00 5.3583312924e+00 0.0000000000e+00 -2.1301785996e-01 1.2343591521e+00 3.8854252718e+00 4.0823460080e+00 0.0000000000e+00 1.0000000000e+00
-3.9506191996e-01 -1.4066100797e+00 4.0019495392e+00 4.2603082297e+00 0.0000000000e+00 2.8898903432e-01 1.5971499195e+00 5.6656980312e+00 5.8936013582e+00 0.0000000000e+00 1.0000000000e+00
4.3335123592e-01 -1.5858120526e+00 4.2319250481e+00 4.5400201578e+00 0.0000000000e+00 -1.6090326662e-01 1.4246267215e+00 5.0838327040e+00 5.2821213902e+00 0.0000000000e+00 1.0000000000e+00
2.3496651850e-01 -1.4505623646e+00 4.4475197108e+00 4.6839910630e+00 0.0000000000e+00 -1.7330850398e-01 1.6212052185e+00 5.3524668542e+00 5.5952876499e+00 0.0000000000e+00 1.0000000000e+00
-2.1186020895e-01 -1.4855309281e+00 4.1760056118e+00 4.4374215506e+00 0.0000000000e+00 5.4572426098e-02 1.5864981692e+00 5.4186713516e+00 5.6464107244e+00 0.0000000000e+00 1.0000000000e+00
-4.0370703848e-02 -1.4675530475e+00 3.9656258991e+00 4.2286559062e+00 0.0000000000e+00 8.2299046114e-02 1.5977767077e+00 5.8512707484e+00 6.0660558169e+00 0.0000000000e+00 1.0000000000e+00
-9.2321428025e-03 -1.7199989221e+00 4.9372991418e+00 5.2283271322e+00 0.0000000000e+00 -1.4127782055e-01 1.3851218417e+00 4.5710931348e+00 4.7784322374e+00 0.0000000000e+00 1.0000000000e+00
4.6840475523e-02 -1.5104078875e+00 4.6840287685e+00 4.9217529176e+00 0.0000000000e+00 -2.4970520065e-01 1.5732650406e+00 4.8543954336e+00 5.1090773005e+00 0.0000000000e+00 1.0000000000e+00
3.5754478870e-01 -1.5168937705e+00 4.5449159645e+00 4.8046921205e+00 0.0000000000e+00 -2.3899744696e-02 1.5503131840e+00 5.1553523251e+00 5.3834654288e+00 0.0000000000e+00 1.0000000000e+00
1.1092842837e-01 -1.6547223441e+00 5.3482301176e+00 5.5994621888e+00 0.0000000000e+00 -1.9418480941e-01 1.4307702367e+00 4.1948555661e+00 4.4363977157e+00 0.0000000000e+00 1.0000000000e+00
3.3241810748e-01 -1.6273740687e+00 4.5691159403e+00 4.8616528974e+00 0.0000000000e+00 -2.3197880793e-01 1.4124407208e+00 4.8014508866e+00 5.0102628508e+00 0.0000000000e+00 1.0000000000e+00
-2.1021940848e-01 -1.6318122032e+00 5.2961969697e+00 5.5458728681e+00 0.0000000000e+00 6.9792731737e-02 1.4543065297e+00 4.2163992252e+00 4.4607063561e+00 0.0000000000e+00 1.0000000000e+00
-4.3415246090e-01 -1.5627034312e+00 4.5574307099e+00 4.8374275509e+00 0.0000000000e+00 2.5352385852e-01 1.4520773788e+00 4.8297828066e+00 5.0497133860e+00 0.0000000000e+00 1.0000000000e+00
8.1855693715e-02 -1.5995993763e+00 4.5806134770e+00 4.8525703093e+00 0.0000000000e+00 -2.5404156912e-02 1.4919334235e+00 4.8363593782e+00 5.0613123799e+00 0.0000000000e+00 1.0000000000e+00
-4.8067248500e-01 -1.5589819670e+00 4.4743673050e+00 4.7625028979e+00 0.0000000000e+00 6.9111623436e-02 1.4741325650e+00 5.0817283893e+00 5.2916733572e+00 0.0000000000e+00 1.0000000000e+00
3.3283101752e-01 -1.5417019119e+00 4.6811959166e+00 4.9397587737e+00 0.0000000000e+00 -1.4196735851e-01 1.5168835136e+00 4.8912368132e+00 5.1230155328e+00 0.0000000000e+00 1.0000000000e+00
2.0554413410e-01 -1.6839222612e+00 4.4171205593e+00 4.7316801317e+00 0.0000000000e+00 -1.9254115636e-01 1.3736804665e+00 4.8269766743e+00 5.0223275676e+00 0.0000000000e+00 1.0000000000e+00
3.6211369812e-01 -1.5022552620e+00 4.3046107685e+00 4.5735731471e+00 0.0000000000e+00 -2.3628497818e-01 1.5345231204e+00 4.6441791102e+00 4.8968348621e+00 0.0000000000e+00 1.0000000000e+00
4.2492065270e-01 -1.4730871737e+00 4.2059427195e+00 4.4766614573e+00 0.0000000000e+00 -1.8881156923e-01 1.5489833850e+00 5.2018424232e+00 5.4308529895e+00 0.0000000000e+00 1.0000000000e+00
1.3169036380e-01 -1.7454680714e+00 5.3819930637e+00 5.6594920920e+00 0.0000000000e+00 6.3337925987e-02 1.3723515272e+00 3.9859082129e+00 4.2160200367e+00 0.0000000000e+00 1.0000000000e+00
2.4120023882e-01 -1.8198261291e+00 5.0296296796e+00 5.3541684387e+00 0.0000000000e+00 -2.0801084597e-01 1.2856359452e+00 4.0146471125e+00 4.2206065908e+00 0.0000000000e+00 1.0000000000e+00
3.8010143338e-01 -1.5704930784e+00 4.9014670298e+00 5.1609403130e+00 0.0000000000e+00 -1.9164339719e-01 1.4732132037e+00 4.9199061675e+00 5.1393152553e+00 0.0000000000e+00 1.0000000000e+00
-7.8980232814e-02 -1.4582730953e+00 4.1516721333e+00 4.4010430651e+00 0.0000000000e+00 -3.7647274506e-02 1.6287274092e+00 5.6663137555e+00 5.8958699212e+00 0.0000000000e+00 1.0000000000e+00
-3.9707298296e-01 -1.5964954481e+00 4.5002491151e+00 4.7915244994e+00 0.0000000000e+00 2.0119820222e-01 1.4279971804e+00 5.0270564749e+00 5.2298139285e+00 0.0000000000e+00 1.0000000000e+00
-2.0594560717e-01 -1.6692161556e+00 5.1500662144e+00 5.4177373913e+00 0.0000000000e+00 1.6328461284e-02 1.4292085958e+00 4.1699278731e+00 4.4080837738e+00 0.0000000000e+00 1.0000000000e+00
-8.6115185066e-02 -1.8897323129e+00 5.3448037164e+00 5.6696940894e+00 0.0000000000e+00 7.2507560869e-02 1.2638677936e+00 3.8559292745e+00 4.0584245684e+00 0.0000000000e+00 1.0000000000e+00
